03-12-20;13:22:47;0;0;0;0;0;0;0;24.44;23.85;0;0;0;0;0;0;0;0;0;-0.59
03-12-20;13:22:48;0;0;0;0;0;0;0;24.43;23.85;0;0;0;0;0;0;0;0;0;-0.58
03-12-20;13:22:49;0;0;0;0;0;0;0;24.41;23.85;0;0;0;0;0;0;0;0;0;-0.56
03-12-20;13:22:50;0;0;0;0;0;0;0;24.41;23.86;0;0;0;0;0;0;0;0;0;-0.55
03-12-20;13:22:51;0;0;0;0;0;0;0;24.41;23.87;0;0;0;0;0;0;0;0;0;-0.54
03-12-20;13:22:52;0;0;0;0;0;0;0;24.41;23.84;0;0;0;0;0;0;0;0;0;-0.57
03-12-20;13:22:53;0;0;0;0;0;0;0;24.41;23.84;0;0;0;0;0;0;0;0;0;-0.58
03-12-20;13:22:54;0;0;0;0;0;0;0;24.43;23.82;0;0;0;0;0;0;0;0;0;-0.61
03-12-20;13:22:55;0;0;0;0;0;0;0;24.43;23.83;0;0;0;0;0;0;0;0;0;-0.60
03-12-20;13:22:45;0;0;0;0;0;0;0;24.44;23.84;0;0;0;0;0;0;0;0;0;-0.60
03-12-20;13:22:46;0;0;0;0;0;0;0;24.44;23.81;0;0;0;0;0;0;0;0;0;-0.62
03-12-20;13:22:47;0;0;0;0;0;0;0;24.44;23.81;0;0;0;0;0;0;0;0;0;-0.62
03-12-20;13:22:48;0;0;0;0;0;0;0;24.44;23.82;0;0;0;0;0;0;0;0;0;-0.62
03-12-20;13:22:49;0;0;0;0;0;0;0;24.44;23.82;0;0;0;0;0;0;0;0;0;-0.62
03-12-20;13:22:50;0;0;0;0;0;0;0;24.42;23.83;0;0;0;0;0;0;0;0;0;-0.59
03-12-20;13:22:51;0;0;0;0;0;0;0;24.41;23.84;0;0;0;0;0;0;0;0;0;-0.58
03-12-20;13:22:52;0;0;0;0;0;0;0;24.42;23.85;0;0;0;0;0;0;0;0;0;-0.57
03-12-20;13:22:53;0;0;0;0;0;0;0;24.42;23.84;0;0;0;0;0;0;0;0;0;-0.58
03-12-20;13:22:54;0;0;0;0;0;0;0;24.43;23.84;0;0;0;0;0;0;0;0;0;-0.59
03-12-20;13:22:55;0;0;0;0;0;0;0;24.43;23.84;0;0;0;0;0;0;0;0;0;-0.59
03-12-20;13:22:56;0;0;0;0;0;0;0;24.41;23.85;0;0;0;0;0;0;0;0;0;-0.56
03-12-20;13:22:57;0;0;0;0;0;0;0;24.40;23.86;0;0;0;0;0;0;0;0;0;-0.54
03-12-20;13:22:58;0;0;0;0;0;0;0;24.39;23.85;0;0;0;0;0;0;0;0;0;-0.54
03-12-20;13:22:59;0;0;0;0;0;0;0;24.39;23.85;0;0;0;0;0;0;0;0;0;-0.54
03-12-20;13:23:00;0;0;0;0;0;0;0;24.38;23.84;0;0;0;0;0;0;0;0;0;-0.54
03-12-20;13:23:01;0;0;0;0;0;0;0;24.39;23.84;0;0;0;0;0;0;0;0;0;-0.55
03-12-20;13:23:02;0;0;0;0;0;0;0;24.41;23.84;0;0;0;0;0;0;0;0;0;-0.57
03-12-20;13:23:03;0;0;0;0;0;0;0;24.41;23.84;0;0;0;0;0;0;0;0;0;-0.58
03-12-20;13:23:04;0;0;0;0;0;0;0;24.42;23.84;0;0;0;0;0;0;0;0;0;-0.59
03-12-20;13:23:05;0;0;0;0;0;0;0;24.43;23.83;0;0;0;0;0;0;0;0;0;-0.60
03-12-20;13:22:45;0;0;0;0;0;0;0;24.45;23.83;0;0;0;0;0;0;0;0;0;-0.62
03-12-20;13:22:46;0;0;0;0;0;0;0;24.45;23.84;0;0;0;0;0;0;0;0;0;-0.61
03-12-20;13:22:47;0;0;0;0;0;0;0;24.45;23.84;0;0;0;0;0;0;0;0;0;-0.62
03-12-20;13:22:48;0;0;0;0;0;0;0;24.45;23.84;0;0;0;0;0;0;0;0;0;-0.62
03-12-20;13:22:49;0;0;0;0;0;0;0;24.45;23.84;0;0;0;0;0;0;0;0;0;-0.62
03-12-20;13:22:50;0;0;0;0;0;0;0;24.45;23.84;0;0;0;0;0;0;0;0;0;-0.60
03-12-20;13:22:51;0;0;0;0;0;0;0;24.45;23.84;0;0;0;0;0;0;0;0;0;-0.62
03-12-20;13:22:52;0;0;0;0;0;0;0;24.44;23.84;0;0;0;0;0;0;0;0;0;-0.59
03-12-20;13:22:53;0;0;0;0;0;0;0;24.44;23.85;0;0;0;0;0;0;0;0;0;-0.59
03-12-20;13:22:54;0;0;0;0;0;0;0;24.45;23.85;0;0;0;0;0;0;0;0;0;-0.59
03-12-20;13:22:55;0;0;0;0;0;0;0;24.44;23.86;0;0;0;0;0;0;0;0;0;-0.58
03-12-20;13:22:56;0;0;0;0;0;0;0;24.45;23.85;0;0;0;0;0;0;0;0;0;-0.59
03-12-20;13:22:57;0;0;0;0;0;0;0;24.44;23.86;0;0;0;0;0;0;0;0;0;-0.58
03-12-20;13:22:58;0;0;0;0;0;0;0;24.44;23.85;0;0;0;0;0;0;0;0;0;-0.59
03-12-20;13:22:59;0;0;0;0;0;0;0;24.43;23.85;0;0;0;0;0;0;0;0;0;-0.58
03-12-20;13:23:00;0;0;0;0;0;0;0;24.42;23.84;0;0;0;0;0;0;0;0;0;-0.58
03-12-20;13:23:01;0;0;0;0;0;0;0;24.42;23.84;0;0;0;0;0;0;0;0;0;-0.58
03-12-20;13:23:02;0;0;0;0;0;0;0;24.40;23.84;0;0;0;0;0;0;0;0;0;-0.55
03-12-20;13:23:03;0;0;0;0;0;0;0;24.38;23.84;0;0;0;0;0;0;0;0;0;-0.54
03-12-20;13:23:04;0;0;0;0;0;0;0;24.37;23.84;0;0;0;0;0;0;0;0;0;-0.52
03-12-20;13:23:05;0;0;0;0;0;0;0;24.37;23.84;0;0;0;0;0;0;0;0;0;-0.54
03-12-20;13:23:06;0;0;0;0;0;0;0;24.37;23.82;0;0;0;0;0;0;0;0;0;-0.55
03-12-20;13:23:07;0;0;0;0;0;0;0;24.38;23.80;0;0;0;0;0;0;0;0;0;-0.58
03-12-20;13:23:08;0;0;0;0;0;0;0;24.38;23.80;0;0;0;0;0;0;0;0;0;-0.58
03-12-20;13:23:09;0;0;0;0;0;0;0;24.38;23.80;0;0;0;0;0;0;0;0;0;-0.58
03-12-20;13:23:10;0;0;0;0;0;0;0;24.38;23.80;0;0;0;0;0;0;0;0;0;-0.58
03-12-20;13:23:11;0;0;0;0;0;0;0;24.37;23.80;0;0;0;0;0;0;0;0;0;-0.57
03-12-20;13:23:12;0;0;0;0;0;0;0;24.37;23.80;0;0;0;0;0;0;0;0;0;-0.56
03-12-20;13:23:13;0;0;0;0;0;0;0;24.36;23.79;0;0;0;0;0;0;0;0;0;-0.57
03-12-20;13:23:14;0;0;0;0;0;0;0;24.36;23.79;0;0;0;0;0;0;0;0;0;-0.57
03-12-20;13:23:15;0;0;0;0;0;0;0;24.34;23.80;0;0;0;0;0;0;0;0;0;-0.55
03-12-20;13:23:16;0;0;0;0;0;0;0;24.34;23.81;0;0;0;0;0;0;0;0;0;-0.52
03-12-20;13:23:17;0;0;0;0;0;0;0;24.34;23.83;0;0;0;0;0;0;0;0;0;-0.52
03-12-20;13:23:18;0;0;0;0;0;0;0;24.37;23.84;0;0;0;0;0;0;0;0;0;-0.54
03-12-20;13:23:19;0;0;0;0;0;0;0;24.39;23.84;0;0;0;0;0;0;0;0;0;-0.55
03-12-20;13:23:20;0;0;0;0;0;0;0;24.41;23.83;0;0;0;0;0;0;0;0;0;-0.58
03-12-20;13:23:21;0;0;0;0;0;0;0;24.41;23.84;0;0;0;0;0;0;0;0;0;-0.57
03-12-20;13:23:22;0;0;0;0;0;0;0;24.43;23.84;0;0;0;0;0;0;0;0;0;-0.59
03-12-20;13:23:23;0;0;0;0;0;0;0;24.43;23.84;0;0;0;0;0;0;0;0;0;-0.59
03-12-20;13:23:24;0;0;0;0;0;0;0;24.45;23.84;0;0;0;0;0;0;0;0;0;-0.61
03-12-20;13:23:25;0;0;0;0;0;0;0;24.45;23.84;0;0;0;0;0;0;0;0;0;-0.62
03-12-20;13:23:26;0;0;0;0;0;0;0;24.45;23.83;0;0;0;0;0;0;0;0;0;-0.62
03-12-20;13:23:27;0;0;0;0;0;0;0;24.45;23.83;0;0;0;0;0;0;0;0;0;-0.62
03-12-20;13:23:28;0;0;0;0;0;0;0;24.45;23.82;0;0;0;0;0;0;0;0;0;-0.62
03-12-20;13:23:29;0;0;0;0;0;0;0;24.43;23.84;0;0;0;0;0;0;0;0;0;-0.59
03-12-20;13:23:30;0;0;0;0;0;0;0;24.43;23.81;0;0;0;0;0;0;0;0;0;-0.62
03-12-20;13:23:31;0;0;0;0;0;0;0;24.42;23.81;0;0;0;0;0;0;0;0;0;-0.61
03-12-20;13:23:32;0;0;0;0;0;0;0;24.41;23.82;0;0;0;0;0;0;0;0;0;-0.59
03-12-20;13:23:33;0;0;0;0;0;0;0;24.41;23.83;0;0;0;0;0;0;0;0;0;-0.59
03-12-20;13:23:34;0;0;0;0;0;0;0;24.41;23.81;0;0;0;0;0;0;0;0;0;-0.59
03-12-20;13:23:35;0;0;0;0;0;0;0;24.41;23.81;0;0;0;0;0;0;0;0;0;-0.59
03-12-20;13:23:36;0;0;0;0;0;0;0;24.41;23.80;0;0;0;0;0;0;0;0;0;-0.61
03-12-20;13:23:37;0;0;0;0;0;0;0;24.43;23.80;0;0;0;0;0;0;0;0;0;-0.62
03-12-20;13:23:38;0;0;0;0;0;0;0;24.42;23.82;0;0;0;0;0;0;0;0;0;-0.60
03-12-20;13:23:39;0;0;0;0;0;0;0;24.42;23.82;0;0;0;0;0;0;0;0;0;-0.60
03-12-20;13:23:40;0;0;0;0;0;0;0;24.41;23.83;0;0;0;0;0;0;0;0;0;-0.59
03-12-20;13:23:41;0;0;0;0;0;0;0;24.43;23.82;0;0;0;0;0;0;0;0;0;-0.61
03-12-20;13:23:42;0;0;0;0;0;0;0;24.45;23.81;0;0;0;0;0;0;0;0;0;-0.63
03-12-20;13:23:43;0;0;0;0;0;0;0;24.45;23.81;0;0;0;0;0;0;0;0;0;-0.63
03-12-20;13:23:44;0;0;0;0;0;0;0;24.44;23.82;0;0;0;0;0;0;0;0;0;-0.62
03-12-20;13:23:45;0;0;0;0;0;0;0;24.44;23.81;0;0;0;0;0;0;0;0;0;-0.62
03-12-20;13:23:46;0;0;0;0;0;0;0;24.45;23.80;0;0;0;0;0;0;0;0;0;-0.65
03-12-20;13:23:47;0;0;0;0;0;0;0;24.45;23.80;0;0;0;0;0;0;0;0;0;-0.65
03-12-20;13:23:48;0;0;0;0;0;0;0;24.44;23.82;0;0;0;0;0;0;0;0;0;-0.62
03-12-20;13:23:49;0;0;0;0;0;0;0;24.43;23.83;0;0;0;0;0;0;0;0;0;-0.60
03-12-20;13:23:50;0;0;0;0;0;0;0;24.44;23.82;0;0;0;0;0;0;0;0;0;-0.62
03-12-20;13:23:51;0;0;0;0;0;0;0;24.45;23.81;0;0;0;0;0;0;0;0;0;-0.63
03-12-20;13:23:52;0;0;0;0;0;0;0;24.45;23.81;0;0;0;0;0;0;0;0;0;-0.63
03-12-20;13:23:53;0;0;0;0;0;0;0;24.45;23.82;0;0;0;0;0;0;0;0;0;-0.62
03-12-20;13:23:54;0;0;0;0;0;0;0;24.45;23.83;0;0;0;0;0;0;0;0;0;-0.62
03-12-20;13:23:55;0;0;0;0;0;0;0;24.46;23.81;0;0;0;0;0;0;0;0;0;-0.65
03-12-20;13:23:56;0;0;0;0;0;0;0;24.48;23.81;0;0;0;0;0;0;0;0;0;-0.66
03-12-20;13:23:57;0;0;0;0;0;0;0;24.47;23.83;0;0;0;0;0;0;0;0;0;-0.64
03-12-20;13:23:58;0;0;0;0;0;0;0;24.47;23.82;0;0;0;0;0;0;0;0;0;-0.65
03-12-20;13:23:59;0;0;0;0;0;0;0;24.46;23.82;0;0;0;0;0;0;0;0;0;-0.64
03-12-20;13:24:00;0;0;0;0;0;0;0;24.47;23.83;0;0;0;0;0;0;0;0;0;-0.64
03-12-20;13:24:01;0;0;0;0;0;0;0;24.47;23.83;0;0;0;0;0;0;0;0;0;-0.64
03-12-20;13:24:02;0;0;0;0;0;0;0;24.47;23.83;0;0;0;0;0;0;0;0;0;-0.64
03-12-20;13:24:03;0;0;0;0;0;0;0;24.46;23.82;0;0;0;0;0;0;0;0;0;-0.64
03-12-20;13:24:04;0;0;0;0;0;0;0;24.46;23.84;0;0;0;0;0;0;0;0;0;-0.62
03-12-20;13:24:05;0;0;0;0;0;0;0;24.45;23.85;0;0;0;0;0;0;0;0;0;-0.60
03-12-20;13:24:06;0;0;0;0;0;0;0;24.45;23.86;0;0;0;0;0;0;0;0;0;-0.59
03-12-20;13:24:07;0;0;0;0;0;0;0;24.45;23.86;0;0;0;0;0;0;0;0;0;-0.59
03-12-20;13:24:08;0;0;0;0;0;0;0;24.44;23.87;0;0;0;0;0;0;0;0;0;-0.57
03-12-20;13:24:09;0;0;0;0;0;0;0;24.44;23.87;0;0;0;0;0;0;0;0;0;-0.56
03-12-20;13:24:10;0;0;0;0;0;0;0;24.43;23.87;0;0;0;0;0;0;0;0;0;-0.55
03-12-20;13:24:11;0;0;0;0;0;0;0;24.41;23.87;0;0;0;0;0;0;0;0;0;-0.55
03-12-20;13:24:12;0;0;0;0;0;0;0;24.41;23.87;0;0;0;0;0;0;0;0;0;-0.53
03-12-20;13:24:13;0;0;0;0;0;0;0;24.40;23.87;0;0;0;0;0;0;0;0;0;-0.53
03-12-20;13:24:14;0;0;0;0;0;0;0;24.40;23.87;0;0;0;0;0;0;0;0;0;-0.52
03-12-20;13:24:15;0;0;0;0;0;0;0;24.40;23.87;0;0;0;0;0;0;0;0;0;-0.53
03-12-20;13:24:16;0;0;0;0;0;0;0;24.41;23.85;0;0;0;0;0;0;0;0;0;-0.56
03-12-20;13:24:17;0;0;0;0;0;0;0;24.42;23.84;0;0;0;0;0;0;0;0;0;-0.58
03-12-20;13:24:18;0;0;0;0;0;0;0;24.43;23.85;0;0;0;0;0;0;0;0;0;-0.58
03-12-20;13:24:19;0;0;0;0;0;0;0;24.44;23.84;0;0;0;0;0;0;0;0;0;-0.60
03-12-20;13:24:20;0;0;0;0;0;0;0;24.44;23.84;0;0;0;0;0;0;0;0;0;-0.59
03-12-20;13:24:21;0;0;0;0;0;0;0;24.45;23.84;0;0;0;0;0;0;0;0;0;-0.60
03-12-20;13:24:22;0;0;0;0;0;0;0;24.46;23.84;0;0;0;0;0;0;0;0;0;-0.62
03-12-20;13:24:23;0;0;0;0;0;0;0;24.45;23.85;0;0;0;0;0;0;0;0;0;-0.59
03-12-20;13:24:24;0;0;0;0;0;0;0;24.44;23.86;0;0;0;0;0;0;0;0;0;-0.58
03-12-20;13:24:25;0;0;0;0;0;0;0;24.43;23.86;0;0;0;0;0;0;0;0;0;-0.57
03-12-20;13:24:26;0;0;0;0;0;0;0;24.42;23.87;0;0;0;0;0;0;0;0;0;-0.55
03-12-20;13:24:27;0;0;0;0;0;0;0;24.41;23.85;0;0;0;0;0;0;0;0;0;-0.56
03-12-20;13:24:28;0;0;0;0;0;0;0;24.41;23.85;0;0;0;0;0;0;0;0;0;-0.55
03-12-20;13:24:29;0;0;0;0;0;0;0;24.40;23.84;0;0;0;0;0;0;0;0;0;-0.55
03-12-20;13:24:30;0;0;0;0;0;0;0;24.41;23.84;0;0;0;0;0;0;0;0;0;-0.57
03-12-20;13:24:31;0;0;0;0;0;0;0;24.42;23.83;0;0;0;0;0;0;0;0;0;-0.59
03-12-20;13:24:32;0;0;0;0;0;0;0;24.41;23.81;0;0;0;0;0;0;0;0;0;-0.60
03-12-20;13:24:33;0;0;0;0;0;0;0;24.42;23.80;0;0;0;0;0;0;0;0;0;-0.62
03-12-20;13:24:34;0;0;0;0;0;0;0;24.42;23.81;0;0;0;0;0;0;0;0;0;-0.61
03-12-20;13:24:35;0;0;0;0;0;0;0;24.44;23.83;0;0;0;0;0;0;0;0;0;-0.61
03-12-20;13:24:36;0;0;0;0;0;0;0;24.43;23.84;0;0;0;0;0;0;0;0;0;-0.59
03-12-20;13:24:37;0;0;0;0;0;0;0;24.44;23.84;0;0;0;0;0;0;0;0;0;-0.60
03-12-20;13:24:38;0;0;0;0;0;0;0;24.45;23.83;0;0;0;0;0;0;0;0;0;-0.62
03-12-20;13:24:39;0;0;0;0;0;0;0;24.43;23.84;0;0;0;0;0;0;0;0;0;-0.59
03-12-20;13:24:40;0;0;0;0;0;0;0;24.44;23.85;0;0;0;0;0;0;0;0;0;-0.59
03-12-20;13:24:41;0;0;0;0;0;0;0;24.42;23.86;0;0;0;0;0;0;0;0;0;-0.56
03-12-20;13:24:42;0;0;0;0;0;0;0;24.42;23.86;0;0;0;0;0;0;0;0;0;-0.56
03-12-20;13:24:43;0;0;0;0;0;0;0;24.43;23.85;0;0;0;0;0;0;0;0;0;-0.58
03-12-20;13:24:44;0;0;0;0;0;0;0;24.45;23.84;0;0;0;0;0;0;0;0;0;-0.61
03-12-20;13:24:45;0;0;0;0;0;0;0;24.45;23.84;0;0;0;0;0;0;0;0;0;-0.61
03-12-20;13:24:46;0;0;0;0;0;0;0;24.45;23.85;0;0;0;0;0;0;0;0;0;-0.59
03-12-20;13:24:47;0;0;0;0;0;0;0;24.45;23.84;0;0;0;0;0;0;0;0;0;-0.60
03-12-20;13:24:48;0;0;0;0;0;0;0;24.44;23.84;0;0;0;0;0;0;0;0;0;-0.59
03-12-20;13:24:49;0;0;0;0;0;0;0;24.44;23.85;0;0;0;0;0;0;0;0;0;-0.59
03-12-20;13:24:50;0;0;0;0;0;0;0;24.42;23.85;0;0;0;0;0;0;0;0;0;-0.57
03-12-20;13:24:51;0;0;0;0;0;0;0;24.41;23.86;0;0;0;0;0;0;0;0;0;-0.55
03-12-20;13:24:52;0;0;0;0;0;0;0;24.41;23.87;0;0;0;0;0;0;0;0;0;-0.54
03-12-20;13:24:53;0;0;0;0;0;0;0;24.42;23.87;0;0;0;0;0;0;0;0;0;-0.55
03-12-20;13:24:54;0;0;0;0;0;0;0;24.44;23.85;0;0;0;0;0;0;0;0;0;-0.59
03-12-20;13:24:55;0;0;0;0;0;0;0;24.45;23.85;0;0;0;0;0;0;0;0;0;-0.60
03-12-20;13:24:56;0;0;0;0;0;0;0;24.45;23.85;0;0;0;0;0;0;0;0;0;-0.60
03-12-20;13:24:57;0;0;0;0;0;0;0;24.45;23.86;0;0;0;0;0;0;0;0;0;-0.59
03-12-20;13:24:58;0;0;0;0;0;0;0;24.45;23.85;0;0;0;0;0;0;0;0;0;-0.60
03-12-20;13:24:59;0;0;0;0;0;0;0;24.46;23.86;0;0;0;0;0;0;0;0;0;-0.60
03-12-20;13:25:00;0;0;0;0;0;0;0;24.46;23.85;0;0;0;0;0;0;0;0;0;-0.61
03-12-20;13:25:01;0;0;0;0;0;0;0;24.47;23.86;0;0;0;0;0;0;0;0;0;-0.61
03-12-20;13:25:02;0;0;0;0;0;0;0;24.45;23.87;0;0;0;0;0;0;0;0;0;-0.59
03-12-20;13:25:03;0;0;0;0;0;0;0;24.43;23.87;0;0;0;0;0;0;0;0;0;-0.56
03-12-20;13:25:04;0;0;0;0;0;0;0;24.44;23.87;0;0;0;0;0;0;0;0;0;-0.57
03-12-20;13:25:05;0;0;0;0;0;0;0;24.43;23.84;0;0;0;0;0;0;0;0;0;-0.59
03-12-20;13:25:06;0;0;0;0;0;0;0;24.41;23.84;0;0;0;0;0;0;0;0;0;-0.57
03-12-20;13:25:07;0;0;0;0;0;0;0;24.40;23.84;0;0;0;0;0;0;0;0;0;-0.55
03-12-20;13:25:08;0;0;0;0;0;0;0;24.39;23.84;0;0;0;0;0;0;0;0;0;-0.55
03-12-20;13:25:09;0;0;0;0;0;0;0;24.40;23.84;0;0;0;0;0;0;0;0;0;-0.56
03-12-20;13:25:10;0;0;0;0;0;0;0;24.39;23.84;0;0;0;0;0;0;0;0;0;-0.55
03-12-20;13:25:11;0;0;0;0;0;0;0;24.38;23.83;0;0;0;0;0;0;0;0;0;-0.55
03-12-20;13:25:12;0;0;0;0;0;0;0;24.39;23.82;0;0;0;0;0;0;0;0;0;-0.57
03-12-20;13:25:13;0;0;0;0;0;0;0;24.39;23.82;0;0;0;0;0;0;0;0;0;-0.57
03-12-20;13:25:14;0;0;0;0;0;0;0;24.41;23.81;0;0;0;0;0;0;0;0;0;-0.59
03-12-20;13:25:15;0;0;0;0;0;0;0;24.41;23.80;0;0;0;0;0;0;0;0;0;-0.60
03-12-20;13:25:16;0;0;0;0;0;0;0;24.40;23.80;0;0;0;0;0;0;0;0;0;-0.60
03-12-20;13:25:17;0;0;0;0;0;0;0;24.39;23.80;0;0;0;0;0;0;0;0;0;-0.59
03-12-20;13:25:18;0;0;0;0;0;0;0;24.39;23.80;0;0;0;0;0;0;0;0;0;-0.59
03-12-20;13:25:19;0;0;0;0;0;0;0;24.39;23.80;0;0;0;0;0;0;0;0;0;-0.59
03-12-20;13:25:20;0;0;0;0;0;0;0;24.40;23.80;0;0;0;0;0;0;0;0;0;-0.60
03-12-20;13:25:21;0;0;0;0;0;0;0;24.41;23.79;0;0;0;0;0;0;0;0;0;-0.62
03-12-20;13:25:22;0;0;0;0;0;0;0;24.41;23.79;0;0;0;0;0;0;0;0;0;-0.62
03-12-20;13:25:23;0;0;0;0;0;0;0;24.41;23.79;0;0;0;0;0;0;0;0;0;-0.62
03-12-20;13:25:24;0;0;0;0;0;0;0;24.41;23.80;0;0;0;0;0;0;0;0;0;-0.62
03-12-20;13:25:25;0;0;0;0;0;0;0;24.41;23.80;0;0;0;0;0;0;0;0;0;-0.60
03-12-20;13:25:26;0;0;0;0;0;0;0;24.41;23.80;0;0;0;0;0;0;0;0;0;-0.62
03-12-20;13:25:27;0;0;0;0;0;0;0;24.41;23.80;0;0;0;0;0;0;0;0;0;-0.61
03-12-20;13:25:28;0;0;0;0;0;0;0;24.41;23.81;0;0;0;0;0;0;0;0;0;-0.60
03-12-20;13:25:29;0;0;0;0;0;0;0;24.41;23.80;0;0;0;0;0;0;0;0;0;-0.61
03-12-20;13:25:30;0;0;0;0;0;0;0;24.39;23.82;0;0;0;0;0;0;0;0;0;-0.57
03-12-20;13:25:31;0;0;0;0;0;0;0;24.38;23.80;0;0;0;0;0;0;0;0;0;-0.58
03-12-20;13:25:32;0;0;0;0;0;0;0;24.38;23.80;0;0;0;0;0;0;0;0;0;-0.58
03-12-20;13:25:33;0;0;0;0;0;0;0;24.38;23.80;0;0;0;0;0;0;0;0;0;-0.58
03-12-20;13:25:34;0;0;0;0;0;0;0;24.37;23.80;0;0;0;0;0;0;0;0;0;-0.57
03-12-20;13:25:35;0;0;0;0;0;0;0;24.37;23.80;0;0;0;0;0;0;0;0;0;-0.57
03-12-20;13:25:36;0;0;0;0;0;0;0;24.36;23.80;0;0;0;0;0;0;0;0;0;-0.56
03-12-20;13:25:37;0;0;0;0;0;0;0;24.37;23.79;0;0;0;0;0;0;0;0;0;-0.59
03-12-20;13:25:38;0;0;0;0;0;0;0;24.37;23.78;0;0;0;0;0;0;0;0;0;-0.59
03-12-20;13:25:39;0;0;0;0;0;0;0;24.35;23.77;0;0;0;0;0;0;0;0;0;-0.59
03-12-20;13:25:40;0;0;0;0;0;0;0;24.35;23.77;0;0;0;0;0;0;0;0;0;-0.59
03-12-20;13:25:41;0;0;0;0;0;0;0;24.35;23.77;0;0;0;0;0;0;0;0;0;-0.59
03-12-20;13:25:42;0;0;0;0;0;0;0;24.36;23.77;0;0;0;0;0;0;0;0;0;-0.59
03-12-20;13:25:43;0;0;0;0;0;0;0;24.35;23.78;0;0;0;0;0;0;0;0;0;-0.57
03-12-20;13:25:44;0;0;0;0;0;0;0;24.35;23.79;0;0;0;0;0;0;0;0;0;-0.56
03-12-20;13:25:45;0;0;0;0;0;0;0;24.36;23.79;0;0;0;0;0;0;0;0;0;-0.57
03-12-20;13:25:46;0;0;0;0;0;0;0;24.38;23.79;0;0;0;0;0;0;0;0;0;-0.59
03-12-20;13:25:47;0;0;0;0;0;0;0;24.38;23.80;0;0;0;0;0;0;0;0;0;-0.59
03-12-20;13:25:48;0;0;0;0;0;0;0;24.38;23.79;0;0;0;0;0;0;0;0;0;-0.59
03-12-20;13:25:49;0;0;0;0;0;0;0;24.37;23.79;0;0;0;0;0;0;0;0;0;-0.59
03-12-20;13:25:50;0;0;0;0;0;0;0;24.37;23.79;0;0;0;0;0;0;0;0;0;-0.58
03-12-20;13:25:51;0;0;0;0;0;0;0;24.36;23.79;0;0;0;0;0;0;0;0;0;-0.57
03-12-20;13:25:52;0;0;0;0;0;0;0;24.37;23.79;0;0;0;0;0;0;0;0;0;-0.58
03-12-20;13:25:53;0;0;0;0;0;0;0;24.38;23.79;0;0;0;0;0;0;0;0;0;-0.59
03-12-20;13:25:54;0;0;0;0;0;0;0;24.38;23.78;0;0;0;0;0;0;0;0;0;-0.60
03-12-20;13:25:55;0;0;0;0;0;0;0;24.40;23.77;0;0;0;0;0;0;0;0;0;-0.62
03-12-20;13:25:56;0;0;0;0;0;0;0;24.40;23.77;0;0;0;0;0;0;0;0;0;-0.62
03-12-20;13:25:57;0;0;0;0;0;0;0;24.40;23.78;0;0;0;0;0;0;0;0;0;-0.62
03-12-20;13:25:58;0;0;0;0;0;0;0;24.40;23.80;0;0;0;0;0;0;0;0;0;-0.60
03-12-20;13:25:59;0;0;0;0;0;0;0;24.40;23.80;0;0;0;0;0;0;0;0;0;-0.59
03-12-20;13:26:00;0;0;0;0;0;0;0;24.40;23.82;0;0;0;0;0;0;0;0;0;-0.58
03-12-20;13:26:01;0;0;0;0;0;0;0;24.40;23.80;0;0;0;0;0;0;0;0;0;-0.59
03-12-20;13:26:02;0;0;0;0;0;0;0;24.40;23.80;0;0;0;0;0;0;0;0;0;-0.59
03-12-20;13:26:03;0;0;0;0;0;0;0;24.40;23.81;0;0;0;0;0;0;0;0;0;-0.59
03-12-20;13:26:04;0;0;0;0;0;0;0;24.39;23.81;0;0;0;0;0;0;0;0;0;-0.58
03-12-20;13:26:05;0;0;0;0;0;0;0;24.39;23.80;0;0;0;0;0;0;0;0;0;-0.59
03-12-20;13:26:06;0;0;0;0;0;0;0;24.39;23.79;0;0;0;0;0;0;0;0;0;-0.60
03-12-20;13:26:07;0;0;0;0;0;0;0;24.39;23.79;0;0;0;0;0;0;0;0;0;-0.60
03-12-20;13:22:45;0;0;0;0;0;0;0;24.37;23.77;0;0;0;0;0;0;0;0;0;-0.60
03-12-20;13:22:46;0;0;0;0;0;0;0;24.37;23.77;0;0;0;0;0;0;0;0;0;-0.60
03-12-20;13:22:47;0;0;0;0;0;0;0;24.36;23.78;0;0;0;0;0;0;0;0;0;-0.58
03-12-20;13:22:48;0;0;0;0;0;0;0;24.35;23.79;0;0;0;0;0;0;0;0;0;-0.56
03-12-20;13:22:49;0;0;0;0;0;0;0;24.34;23.79;0;0;0;0;0;0;0;0;0;-0.55
03-12-20;13:22:50;0;0;0;0;0;0;0;24.33;23.78;0;0;0;0;0;0;0;0;0;-0.55
03-12-20;13:22:51;0;0;0;0;0;0;0;24.33;23.77;0;0;0;0;0;0;0;0;0;-0.55
03-12-20;13:22:52;0;0;0;0;0;0;0;24.34;23.77;0;0;0;0;0;0;0;0;0;-0.57
03-12-20;13:22:53;0;0;0;0;0;0;0;24.34;23.76;0;0;0;0;0;0;0;0;0;-0.58
03-12-20;13:22:54;0;0;0;0;0;0;0;24.34;23.74;0;0;0;0;0;0;0;0;0;-0.60
03-12-20;13:22:55;0;0;0;0;0;0;0;24.35;23.73;0;0;0;0;0;0;0;0;0;-0.62
03-12-20;13:22:56;0;0;0;0;0;0;0;24.36;23.73;0;0;0;0;0;0;0;0;0;-0.62
03-12-20;13:22:57;0;0;0;0;0;0;0;24.36;23.73;0;0;0;0;0;0;0;0;0;-0.62
03-12-20;13:22:58;0;0;0;0;0;0;0;24.36;23.74;0;0;0;0;0;0;0;0;0;-0.62
03-12-20;13:22:59;0;0;0;0;0;0;0;24.37;23.74;0;0;0;0;0;0;0;0;0;-0.62
03-12-20;13:23:00;0;0;0;0;0;0;0;24.36;23.75;0;0;0;0;0;0;0;0;0;-0.61
03-12-20;13:23:01;0;0;0;0;0;0;0;24.36;23.74;0;0;0;0;0;0;0;0;0;-0.62
03-12-20;13:23:02;0;0;0;0;0;0;0;24.35;23.74;0;0;0;0;0;0;0;0;0;-0.61
03-12-20;13:23:03;0;0;0;0;0;0;0;24.36;23.74;0;0;0;0;0;0;0;0;0;-0.62
03-12-20;13:23:04;0;0;0;0;0;0;0;24.36;23.75;0;0;0;0;0;0;0;0;0;-0.61
03-12-20;13:23:05;0;0;0;0;0;0;0;24.36;23.76;0;0;0;0;0;0;0;0;0;-0.60
03-12-20;13:23:06;0;0;0;0;0;0;0;24.37;23.76;0;0;0;0;0;0;0;0;0;-0.61
03-12-20;13:23:07;0;0;0;0;0;0;0;24.37;23.76;0;0;0;0;0;0;0;0;0;-0.62
03-12-20;13:23:08;0;0;0;0;0;0;0;24.37;23.77;0;0;0;0;0;0;0;0;0;-0.60
03-12-20;13:23:09;0;0;0;0;0;0;0;24.37;23.77;0;0;0;0;0;0;0;0;0;-0.60
03-12-20;13:23:10;0;0;0;0;0;0;0;24.38;23.78;0;0;0;0;0;0;0;0;0;-0.60
03-12-20;13:23:11;0;0;0;0;0;0;0;24.37;23.80;0;0;0;0;0;0;0;0;0;-0.58
03-12-20;13:23:12;0;0;0;0;0;0;0;24.36;23.80;0;0;0;0;0;0;0;0;0;-0.56
03-12-20;13:23:13;0;0;0;0;0;0;0;24.34;23.80;0;0;0;0;0;0;0;0;0;-0.55
03-12-20;13:23:14;0;0;0;0;0;0;0;24.37;23.78;0;0;0;0;0;0;0;0;0;-0.59
03-12-20;13:23:15;0;0;0;0;0;0;0;24.37;23.78;0;0;0;0;0;0;0;0;0;-0.59
03-12-20;13:23:16;0;0;0;0;0;0;0;24.37;23.80;0;0;0;0;0;0;0;0;0;-0.57
03-12-20;13:23:17;0;0;0;0;0;0;0;24.37;23.79;0;0;0;0;0;0;0;0;0;-0.59
03-12-20;13:23:18;0;0;0;0;0;0;0;24.36;23.79;0;0;0;0;0;0;0;0;0;-0.57
03-12-20;13:23:19;0;0;0;0;0;0;0;24.35;23.79;0;0;0;0;0;0;0;0;0;-0.56
03-12-20;13:23:20;0;0;0;0;0;0;0;24.34;23.79;0;0;0;0;0;0;0;0;0;-0.55
03-12-20;13:23:21;0;0;0;0;0;0;0;24.33;23.77;0;0;0;0;0;0;0;0;0;-0.55
03-12-20;13:23:22;0;0;0;0;0;0;0;24.33;23.77;0;0;0;0;0;0;0;0;0;-0.56
03-12-20;13:23:23;0;0;0;0;0;0;0;24.32;23.78;0;0;0;0;0;0;0;0;0;-0.54
03-12-20;13:23:24;0;0;0;0;0;0;0;24.34;23.78;0;0;0;0;0;0;0;0;0;-0.55
03-12-20;13:23:25;0;0;0;0;0;0;0;24.35;23.78;0;0;0;0;0;0;0;0;0;-0.57
03-12-20;13:23:26;0;0;0;0;0;0;0;24.37;23.78;0;0;0;0;0;0;0;0;0;-0.59
03-12-20;13:23:27;0;0;0;0;0;0;0;24.37;23.76;0;0;0;0;0;0;0;0;0;-0.62
03-12-20;13:23:28;0;0;0;0;0;0;0;24.37;23.75;0;0;0;0;0;0;0;0;0;-0.62
03-12-20;13:23:29;0;0;0;0;0;0;0;24.38;23.77;0;0;0;0;0;0;0;0;0;-0.61
03-12-20;13:23:30;0;0;0;0;0;0;0;24.38;23.78;0;0;0;0;0;0;0;0;0;-0.60
03-12-20;13:23:31;0;0;0;0;0;0;0;24.38;23.79;0;0;0;0;0;0;0;0;0;-0.59
03-12-20;13:23:32;0;0;0;0;0;0;0;24.37;23.79;0;0;0;0;0;0;0;0;0;-0.59
03-12-20;13:23:33;0;0;0;0;0;0;0;24.37;23.80;0;0;0;0;0;0;0;0;0;-0.58
03-12-20;13:23:34;0;0;0;0;0;0;0;24.38;23.78;0;0;0;0;0;0;0;0;0;-0.60
03-12-20;13:23:35;0;0;0;0;0;0;0;24.39;23.78;0;0;0;0;0;0;0;0;0;-0.61
03-12-20;13:23:36;0;0;0;0;0;0;0;24.39;23.79;0;0;0;0;0;0;0;0;0;-0.60
03-12-20;13:23:37;0;0;0;0;0;0;0;24.39;23.80;0;0;0;0;0;0;0;0;0;-0.59
03-12-20;13:23:38;0;0;0;0;0;0;0;24.40;23.80;0;0;0;0;0;0;0;0;0;-0.59
03-12-20;13:23:39;0;0;0;0;0;0;0;24.41;23.80;0;0;0;0;0;0;0;0;0;-0.61
03-12-20;13:23:40;0;0;0;0;0;0;0;24.41;23.81;0;0;0;0;0;0;0;0;0;-0.59
03-12-20;13:23:41;0;0;0;0;0;0;0;24.39;23.81;0;0;0;0;0;0;0;0;0;-0.58
03-12-20;13:23:42;0;0;0;0;0;0;0;24.39;23.80;0;0;0;0;0;0;0;0;0;-0.59
03-12-20;13:23:43;0;0;0;0;0;0;0;24.37;23.80;0;0;0;0;0;0;0;0;0;-0.58
03-12-20;13:23:44;0;0;0;0;0;0;0;24.38;23.80;0;0;0;0;0;0;0;0;0;-0.59
03-12-20;13:23:45;0;0;0;0;0;0;0;24.40;23.80;0;0;0;0;0;0;0;0;0;-0.60
03-12-20;13:23:46;0;0;0;0;0;0;0;24.41;23.80;0;0;0;0;0;0;0;0;0;-0.61
03-12-20;13:23:47;0;0;0;0;0;0;0;24.40;23.81;0;0;0;0;0;0;0;0;0;-0.59
03-12-20;13:23:48;0;0;0;0;0;0;0;24.41;23.80;0;0;0;0;0;0;0;0;0;-0.60
03-12-20;13:23:49;0;0;0;0;0;0;0;24.41;23.79;0;0;0;0;0;0;0;0;0;-0.62
03-12-20;13:23:50;0;0;0;0;0;0;0;24.42;23.80;0;0;0;0;0;0;0;0;0;-0.62
03-12-20;13:23:51;0;0;0;0;0;0;0;24.41;23.80;0;0;0;0;0;0;0;0;0;-0.61
03-12-20;13:23:52;0;0;0;0;0;0;0;24.42;23.80;0;0;0;0;0;0;0;0;0;-0.62
03-12-20;13:23:53;0;0;0;0;0;0;0;24.43;23.80;0;0;0;0;0;0;0;0;0;-0.62
03-12-20;13:23:54;0;0;0;0;0;0;0;24.43;23.80;0;0;0;0;0;0;0;0;0;-0.63
03-12-20;13:23:55;0;0;0;0;0;0;0;24.43;23.80;0;0;0;0;0;0;0;0;0;-0.63
03-12-20;13:23:56;0;0;0;0;0;0;0;24.44;23.80;0;0;0;0;0;0;0;0;0;-0.63
03-12-20;13:23:57;0;0;0;0;0;0;0;24.41;23.81;0;0;0;0;0;0;0;0;0;-0.60
03-12-20;13:23:58;0;0;0;0;0;0;0;24.43;23.80;0;0;0;0;0;0;0;0;0;-0.62
03-12-20;13:23:59;0;0;0;0;0;0;0;24.44;23.80;0;0;0;0;0;0;0;0;0;-0.63
03-12-20;13:24:00;0;0;0;0;0;0;0;24.45;23.81;0;0;0;0;0;0;0;0;0;-0.63
03-12-20;13:24:01;0;0;0;0;0;0;0;24.44;23.81;0;0;0;0;0;0;0;0;0;-0.62
03-12-20;13:24:02;0;0;0;0;0;0;0;24.45;23.81;0;0;0;0;0;0;0;0;0;-0.63
03-12-20;13:24:03;0;0;0;0;0;0;0;24.45;23.83;0;0;0;0;0;0;0;0;0;-0.62
03-12-20;13:24:04;0;0;0;0;0;0;0;24.45;23.82;0;0;0;0;0;0;0;0;0;-0.63
03-12-20;13:24:05;0;0;0;0;0;0;0;24.45;23.82;0;0;0;0;0;0;0;0;0;-0.63
03-12-20;13:24:06;0;0;0;0;0;0;0;24.45;23.82;0;0;0;0;0;0;0;0;0;-0.63
03-12-20;13:24:07;0;0;0;0;0;0;0;24.45;23.82;0;0;0;0;0;0;0;0;0;-0.63
03-12-20;13:24:08;0;0;0;0;0;0;0;24.46;23.84;0;0;0;0;0;0;0;0;0;-0.62
03-12-20;13:24:09;0;0;0;0;0;0;0;24.46;23.84;0;0;0;0;0;0;0;0;0;-0.62
03-12-20;13:24:10;0;0;0;0;0;0;0;24.45;23.85;0;0;0;0;0;0;0;0;0;-0.60
03-12-20;13:24:11;0;0;0;0;0;0;0;24.45;23.84;0;0;0;0;0;0;0;0;0;-0.60
03-12-20;13:24:12;0;0;0;0;0;0;0;24.45;23.84;0;0;0;0;0;0;0;0;0;-0.60
03-12-20;13:24:13;0;0;0;0;0;0;0;24.44;23.84;0;0;0;0;0;0;0;0;0;-0.59
03-12-20;13:24:14;0;0;0;0;0;0;0;24.44;23.85;0;0;0;0;0;0;0;0;0;-0.59
03-12-20;13:24:15;0;0;0;0;0;0;0;24.43;23.85;0;0;0;0;0;0;0;0;0;-0.58
03-12-20;13:24:16;0;0;0;0;0;0;0;24.45;23.84;0;0;0;0;0;0;0;0;0;-0.61
03-12-20;13:24:17;0;0;0;0;0;0;0;24.45;23.82;0;0;0;0;0;0;0;0;0;-0.63
03-12-20;13:24:18;0;0;0;0;0;0;0;24.45;23.83;0;0;0;0;0;0;0;0;0;-0.62
03-12-20;13:24:19;0;0;0;0;0;0;0;24.44;23.83;0;0;0;0;0;0;0;0;0;-0.61
03-12-20;13:24:20;0;0;0;0;0;0;0;24.45;23.84;0;0;0;0;0;0;0;0;0;-0.61
03-12-20;13:24:21;0;0;0;0;0;0;0;24.45;23.83;0;0;0;0;0;0;0;0;0;-0.62
03-12-20;13:24:22;0;0;0;0;0;0;0;24.44;23.84;0;0;0;0;0;0;0;0;0;-0.59
03-12-20;13:24:23;0;0;0;0;0;0;0;24.45;23.83;0;0;0;0;0;0;0;0;0;-0.62
03-12-20;13:24:24;0;0;0;0;0;0;0;24.46;23.84;0;0;0;0;0;0;0;0;0;-0.62
03-12-20;13:24:25;0;0;0;0;0;0;0;24.47;23.85;0;0;0;0;0;0;0;0;0;-0.62
03-12-20;13:24:26;0;0;0;0;0;0;0;24.48;23.85;0;0;0;0;0;0;0;0;0;-0.62
03-12-20;13:24:27;0;0;0;0;0;0;0;24.48;23.84;0;0;0;0;0;0;0;0;0;-0.64
03-12-20;13:24:28;0;0;0;0;0;0;0;24.49;23.85;0;0;0;0;0;0;0;0;0;-0.64
03-12-20;13:24:29;0;0;0;0;0;0;0;24.50;23.86;0;0;0;0;0;0;0;0;0;-0.64
03-12-20;13:24:30;0;0;0;0;0;0;0;24.49;23.87;0;0;0;0;0;0;0;0;0;-0.62
03-12-20;13:24:31;0;0;0;0;0;0;0;24.48;23.86;0;0;0;0;0;0;0;0;0;-0.62
03-12-20;13:24:32;0;0;0;0;0;0;0;24.49;23.87;0;0;0;0;0;0;0;0;0;-0.62
03-12-20;13:24:33;0;0;0;0;0;0;0;24.50;23.86;0;0;0;0;0;0;0;0;0;-0.64
03-12-20;13:24:34;0;0;0;0;0;0;0;24.51;23.86;0;0;0;0;0;0;0;0;0;-0.65
03-12-20;13:24:35;0;0;0;0;0;0;0;24.52;23.86;0;0;0;0;0;0;0;0;0;-0.66
03-12-20;13:24:36;0;0;0;0;0;0;0;24.52;23.85;0;0;0;0;0;0;0;0;0;-0.66
03-12-20;13:24:37;0;0;0;0;0;0;0;24.52;23.85;0;0;0;0;0;0;0;0;0;-0.66
03-12-20;13:24:38;0;0;0;0;0;0;0;24.52;23.87;0;0;0;0;0;0;0;0;0;-0.66
03-12-20;13:24:39;0;0;0;0;0;0;0;24.52;23.87;0;0;0;0;0;0;0;0;0;-0.65
03-12-20;13:24:40;0;0;0;0;0;0;0;24.52;23.88;0;0;0;0;0;0;0;0;0;-0.63
03-12-20;13:24:41;0;0;0;0;0;0;0;24.50;23.89;0;0;0;0;0;0;0;0;0;-0.61
03-12-20;13:24:42;0;0;0;0;0;0;0;24.50;23.89;0;0;0;0;0;0;0;0;0;-0.61
03-12-20;13:24:43;0;0;0;0;0;0;0;24.52;23.89;0;0;0;0;0;0;0;0;0;-0.62
03-12-20;13:24:44;0;0;0;0;0;0;0;24.51;23.90;0;0;0;0;0;0;0;0;0;-0.61
03-12-20;13:24:45;0;0;0;0;0;0;0;24.52;23.91;0;0;0;0;0;0;0;0;0;-0.62
03-12-20;13:24:46;0;0;0;0;0;0;0;24.53;23.90;0;0;0;0;0;0;0;0;0;-0.63
03-12-20;13:24:47;0;0;0;0;0;0;0;24.53;23.90;0;0;0;0;0;0;0;0;0;-0.63
03-12-20;13:24:48;0;0;0;0;0;0;0;24.54;23.90;0;0;0;0;0;0;0;0;0;-0.64
03-12-20;13:24:49;0;0;0;0;0;0;0;24.52;23.90;0;0;0;0;0;0;0;0;0;-0.62
03-12-20;13:24:50;0;0;0;0;0;0;0;24.53;23.91;0;0;0;0;0;0;0;0;0;-0.62
03-12-20;13:24:51;0;0;0;0;0;0;0;24.54;23.91;0;0;0;0;0;0;0;0;0;-0.63
03-12-20;13:24:52;0;0;0;0;0;0;0;24.55;23.91;0;0;0;0;0;0;0;0;0;-0.63
03-12-20;13:24:53;0;0;0;0;0;0;0;24.55;23.91;0;0;0;0;0;0;0;0;0;-0.63
03-12-20;13:24:54;0;0;0;0;0;0;0;24.55;23.91;0;0;0;0;0;0;0;0;0;-0.63
03-12-20;13:24:55;0;0;0;0;0;0;0;24.55;23.91;0;0;0;0;0;0;0;0;0;-0.65
03-12-20;13:24:56;0;0;0;0;0;0;0;24.55;23.91;0;0;0;0;0;0;0;0;0;-0.63
03-12-20;13:24:57;0;0;0;0;0;0;0;24.55;23.91;0;0;0;0;0;0;0;0;0;-0.63
03-12-20;13:24:58;0;0;0;0;0;0;0;24.54;23.93;0;0;0;0;0;0;0;0;0;-0.61
03-12-20;13:24:59;0;0;0;0;0;0;0;24.55;23.93;0;0;0;0;0;0;0;0;0;-0.62
03-12-20;13:25:00;0;0;0;0;0;0;0;24.55;23.93;0;0;0;0;0;0;0;0;0;-0.62
03-12-20;13:25:01;0;0;0;0;0;0;0;24.55;23.94;0;0;0;0;0;0;0;0;0;-0.61
03-12-20;13:25:02;0;0;0;0;0;0;0;24.55;23.94;0;0;0;0;0;0;0;0;0;-0.61
03-12-20;13:25:03;0;0;0;0;0;0;0;24.55;23.94;0;0;0;0;0;0;0;0;0;-0.61
03-12-20;13:25:04;0;0;0;0;0;0;0;24.53;23.95;0;0;0;0;0;0;0;0;0;-0.59
03-12-20;13:25:05;0;0;0;0;0;0;0;24.53;23.95;0;0;0;0;0;0;0;0;0;-0.59
03-12-20;13:25:06;0;0;0;0;0;0;0;24.53;23.95;0;0;0;0;0;0;0;0;0;-0.58
03-12-20;13:25:07;0;0;0;0;0;0;0;24.54;23.95;0;0;0;0;0;0;0;0;0;-0.59
03-12-20;13:25:08;0;0;0;0;0;0;0;24.55;23.95;0;0;0;0;0;0;0;0;0;-0.60
03-12-20;13:25:09;0;0;0;0;0;0;0;24.56;23.95;0;0;0;0;0;0;0;0;0;-0.62
03-12-20;13:25:10;0;0;0;0;0;0;0;24.56;23.96;0;0;0;0;0;0;0;0;0;-0.60
03-12-20;13:25:11;0;0;0;0;0;0;0;24.56;23.96;0;0;0;0;0;0;0;0;0;-0.60
03-12-20;13:25:12;0;0;0;0;0;0;0;24.57;23.96;0;0;0;0;0;0;0;0;0;-0.61
03-12-20;13:25:13;0;0;0;0;0;0;0;24.58;23.96;0;0;0;0;0;0;0;0;0;-0.62
03-12-20;13:25:14;0;0;0;0;0;0;0;24.59;23.97;0;0;0;0;0;0;0;0;0;-0.62
03-12-20;13:25:15;0;0;0;0;0;0;0;24.59;23.98;0;0;0;0;0;0;0;0;0;-0.62
03-12-20;13:25:16;0;0;0;0;0;0;0;24.60;23.97;0;0;0;0;0;0;0;0;0;-0.63
03-12-20;13:25:17;0;0;0;0;0;0;0;24.59;23.98;0;0;0;0;0;0;0;0;0;-0.60
03-12-20;13:25:18;0;0;0;0;0;0;0;24.59;23.99;0;0;0;0;0;0;0;0;0;-0.59
03-12-20;13:25:19;0;0;0;0;0;0;0;24.59;24.00;0;0;0;0;0;0;0;0;0;-0.59
03-12-20;13:25:20;0;0;0;0;0;0;0;24.60;23.99;0;0;0;0;0;0;0;0;0;-0.61
03-12-20;13:25:21;0;0;0;0;0;0;0;24.60;24.00;0;0;0;0;0;0;0;0;0;-0.60
03-12-20;13:25:22;0;0;0;0;0;0;0;24.60;23.99;0;0;0;0;0;0;0;0;0;-0.61
03-12-20;13:25:23;0;0;0;0;0;0;0;24.60;23.98;0;0;0;0;0;0;0;0;0;-0.62
03-12-20;13:25:24;0;0;0;0;0;0;0;24.60;23.99;0;0;0;0;0;0;0;0;0;-0.61
03-12-20;13:25:25;0;0;0;0;0;0;0;24.61;23.99;0;0;0;0;0;0;0;0;0;-0.62
03-12-20;13:25:26;0;0;0;0;0;0;0;24.61;23.98;0;0;0;0;0;0;0;0;0;-0.62
03-12-20;13:25:27;0;0;0;0;0;0;0;24.60;23.98;0;0;0;0;0;0;0;0;0;-0.62
03-12-20;13:25:28;0;0;0;0;0;0;0;24.62;23.98;0;0;0;0;0;0;0;0;0;-0.64
03-12-20;13:25:29;0;0;0;0;0;0;0;24.63;23.98;0;0;0;0;0;0;0;0;0;-0.65
03-12-20;13:25:30;0;0;0;0;0;0;0;24.63;23.98;0;0;0;0;0;0;0;0;0;-0.66
03-12-20;13:25:31;0;0;0;0;0;0;0;24.64;23.98;0;0;0;0;0;0;0;0;0;-0.66
03-12-20;13:25:32;0;0;0;0;0;0;0;24.65;23.98;0;0;0;0;0;0;0;0;0;-0.67
03-12-20;13:25:33;0;0;0;0;0;0;0;24.66;23.98;0;0;0;0;0;0;0;0;0;-0.68
03-12-20;13:25:34;0;0;0;0;0;0;0;24.67;23.97;0;0;0;0;0;0;0;0;0;-0.70
03-12-20;13:25:35;0;0;0;0;0;0;0;24.66;23.97;0;0;0;0;0;0;0;0;0;-0.70
03-12-20;13:25:36;0;0;0;0;0;0;0;24.67;23.97;0;0;0;0;0;0;0;0;0;-0.70
03-12-20;13:25:37;0;0;0;0;0;0;0;24.67;23.97;0;0;0;0;0;0;0;0;0;-0.70
03-12-20;13:25:38;0;0;0;0;0;0;0;24.66;23.98;0;0;0;0;0;0;0;0;0;-0.69
03-12-20;13:25:39;0;0;0;0;0;0;0;24.67;23.97;0;0;0;0;0;0;0;0;0;-0.70
03-12-20;13:25:40;0;0;0;0;0;0;0;24.66;23.97;0;0;0;0;0;0;0;0;0;-0.70
03-12-20;13:25:41;0;0;0;0;0;0;0;24.66;23.98;0;0;0;0;0;0;0;0;0;-0.69
03-12-20;13:25:42;0;0;0;0;0;0;0;24.66;23.98;0;0;0;0;0;0;0;0;0;-0.69
03-12-20;13:25:43;0;0;0;0;0;0;0;24.66;23.99;0;0;0;0;0;0;0;0;0;-0.66
03-12-20;13:25:44;0;0;0;0;0;0;0;24.66;23.98;0;0;0;0;0;0;0;0;0;-0.67
03-12-20;13:25:45;0;0;0;0;0;0;0;24.65;23.98;0;0;0;0;0;0;0;0;0;-0.66
03-12-20;13:25:46;0;0;0;0;0;0;0;24.64;23.99;0;0;0;0;0;0;0;0;0;-0.65
03-12-20;13:25:47;0;0;0;0;0;0;0;24.63;23.99;0;0;0;0;0;0;0;0;0;-0.64
03-12-20;13:25:48;0;0;0;0;0;0;0;24.63;24.00;0;0;0;0;0;0;0;0;0;-0.63
03-12-20;13:25:49;0;0;0;0;0;0;0;24.63;24.00;0;0;0;0;0;0;0;0;0;-0.62
03-12-20;13:25:50;0;0;0;0;0;0;0;24.62;24.00;0;0;0;0;0;0;0;0;0;-0.62
03-12-20;13:25:51;0;0;0;0;0;0;0;24.62;24.01;0;0;0;0;0;0;0;0;0;-0.61
03-12-20;13:25:52;0;0;0;0;0;0;0;24.59;24.02;0;0;0;0;0;0;0;0;0;-0.58
03-12-20;13:25:53;0;0;0;0;0;0;0;24.58;24.02;0;0;0;0;0;0;0;0;0;-0.56
03-12-20;13:25:54;0;0;0;0;0;0;0;24.58;24.02;0;0;0;0;0;0;0;0;0;-0.56
03-12-20;13:25:55;0;0;0;0;0;0;0;24.58;24.02;0;0;0;0;0;0;0;0;0;-0.55
03-12-20;13:25:56;0;0;0;0;0;0;0;24.59;24.02;0;0;0;0;0;0;0;0;0;-0.57
03-12-20;13:25:57;0;0;0;0;0;0;0;24.57;24.02;0;0;0;0;0;0;0;0;0;-0.55
03-12-20;13:25:58;0;0;0;0;0;0;0;24.56;24.02;0;0;0;0;0;0;0;0;0;-0.55
03-12-20;13:25:59;0;0;0;0;0;0;0;24.55;24.01;0;0;0;0;0;0;0;0;0;-0.54
03-12-20;13:26:00;0;0;0;0;0;0;0;24.54;24.00;0;0;0;0;0;0;0;0;0;-0.54
03-12-20;13:26:01;0;0;0;0;0;0;0;24.56;23.99;0;0;0;0;0;0;0;0;0;-0.57
03-12-20;13:26:02;0;0;0;0;0;0;0;24.56;23.98;0;0;0;0;0;0;0;0;0;-0.58
03-12-20;13:26:03;0;0;0;0;0;0;0;24.57;23.98;0;0;0;0;0;0;0;0;0;-0.59
03-12-20;13:26:04;0;0;0;0;0;0;0;24.58;23.98;0;0;0;0;0;0;0;0;0;-0.59
03-12-20;13:26:05;0;0;0;0;0;0;0;24.57;23.98;0;0;0;0;0;0;0;0;0;-0.59
03-12-20;13:26:06;0;0;0;0;0;0;0;24.56;23.99;0;0;0;0;0;0;0;0;0;-0.57
03-12-20;13:26:07;0;0;0;0;0;0;0;24.56;23.98;0;0;0;0;0;0;0;0;0;-0.58
03-12-20;13:26:08;0;0;0;0;0;0;0;24.57;23.98;0;0;0;0;0;0;0;0;0;-0.59
03-12-20;13:26:09;0;0;0;0;0;0;0;24.58;23.98;0;0;0;0;0;0;0;0;0;-0.59
03-12-20;13:26:10;0;0;0;0;0;0;0;24.57;23.99;0;0;0;0;0;0;0;0;0;-0.58
03-12-20;13:26:11;0;0;0;0;0;0;0;24.57;24.00;0;0;0;0;0;0;0;0;0;-0.57
03-12-20;13:26:12;0;0;0;0;0;0;0;24.57;24.00;0;0;0;0;0;0;0;0;0;-0.57
03-12-20;13:26:13;0;0;0;0;0;0;0;24.57;24.00;0;0;0;0;0;0;0;0;0;-0.57
03-12-20;13:26:14;0;0;0;0;0;0;0;24.57;24.00;0;0;0;0;0;0;0;0;0;-0.57
03-12-20;13:26:15;0;0;0;0;0;0;0;24.58;24.00;0;0;0;0;0;0;0;0;0;-0.58
03-12-20;13:26:16;0;0;0;0;0;0;0;24.57;24.00;0;0;0;0;0;0;0;0;0;-0.57
03-12-20;13:26:17;0;0;0;0;0;0;0;24.57;24.00;0;0;0;0;0;0;0;0;0;-0.57
03-12-20;13:26:18;0;0;0;0;0;0;0;24.57;23.99;0;0;0;0;0;0;0;0;0;-0.58
03-12-20;13:26:19;0;0;0;0;0;0;0;24.57;23.98;0;0;0;0;0;0;0;0;0;-0.59
03-12-20;13:26:20;0;0;0;0;0;0;0;24.56;23.98;0;0;0;0;0;0;0;0;0;-0.58
03-12-20;13:26:21;0;0;0;0;0;0;0;24.57;23.98;0;0;0;0;0;0;0;0;0;-0.59
03-12-20;13:26:22;0;0;0;0;0;0;0;24.56;23.98;0;0;0;0;0;0;0;0;0;-0.59
03-12-20;13:26:23;0;0;0;0;0;0;0;24.55;23.98;0;0;0;0;0;0;0;0;0;-0.57
03-12-20;13:26:24;0;0;0;0;0;0;0;24.55;23.98;0;0;0;0;0;0;0;0;0;-0.58
03-12-20;13:26:25;0;0;0;0;0;0;0;24.55;23.98;0;0;0;0;0;0;0;0;0;-0.57
03-12-20;13:26:26;0;0;0;0;0;0;0;24.55;23.98;0;0;0;0;0;0;0;0;0;-0.56
03-12-20;13:26:27;0;0;0;0;0;0;0;24.55;23.99;0;0;0;0;0;0;0;0;0;-0.55
03-12-20;13:26:28;0;0;0;0;0;0;0;24.55;23.99;0;0;0;0;0;0;0;0;0;-0.55
03-12-20;13:26:29;0;0;0;0;0;0;0;24.55;23.98;0;0;0;0;0;0;0;0;0;-0.56
03-12-20;13:26:30;0;0;0;0;0;0;0;24.55;23.98;0;0;0;0;0;0;0;0;0;-0.56
03-12-20;13:26:31;0;0;0;0;0;0;0;24.55;23.98;0;0;0;0;0;0;0;0;0;-0.56
03-12-20;13:26:32;0;0;0;0;0;0;0;24.55;23.98;0;0;0;0;0;0;0;0;0;-0.57
03-12-20;13:26:33;0;0;0;0;0;0;0;24.54;23.98;0;0;0;0;0;0;0;0;0;-0.56
03-12-20;13:26:34;0;0;0;0;0;0;0;24.54;23.98;0;0;0;0;0;0;0;0;0;-0.55
03-12-20;13:26:35;0;0;0;0;0;0;0;24.54;23.98;0;0;0;0;0;0;0;0;0;-0.55
03-12-20;13:26:36;0;0;0;0;0;0;0;24.52;23.99;0;0;0;0;0;0;0;0;0;-0.53
03-12-20;13:26:37;0;0;0;0;0;0;0;24.52;23.98;0;0;0;0;0;0;0;0;0;-0.54
03-12-20;13:26:38;0;0;0;0;0;0;0;24.52;23.98;0;0;0;0;0;0;0;0;0;-0.55
03-12-20;13:26:39;0;0;0;0;0;0;0;24.52;23.97;0;0;0;0;0;0;0;0;0;-0.55
03-12-20;13:26:40;0;0;0;0;0;0;0;24.52;23.98;0;0;0;0;0;0;0;0;0;-0.54
03-12-20;13:26:41;0;0;0;0;0;0;0;24.53;23.98;0;0;0;0;0;0;0;0;0;-0.55
03-12-20;13:26:42;0;0;0;0;0;0;0;24.54;23.99;0;0;0;0;0;0;0;0;0;-0.55
03-12-20;13:26:43;0;0;0;0;0;0;0;24.55;23.99;0;0;0;0;0;0;0;0;0;-0.55
03-12-20;13:26:44;0;0;0;0;0;0;0;24.55;23.98;0;0;0;0;0;0;0;0;0;-0.56
03-12-20;13:26:45;0;0;0;0;0;0;0;24.56;23.98;0;0;0;0;0;0;0;0;0;-0.59
03-12-20;13:26:46;0;0;0;0;0;0;0;24.56;23.98;0;0;0;0;0;0;0;0;0;-0.58
03-12-20;13:26:47;0;0;0;0;0;0;0;24.55;23.99;0;0;0;0;0;0;0;0;0;-0.56
03-12-20;13:26:48;0;0;0;0;0;0;0;24.56;23.99;0;0;0;0;0;0;0;0;0;-0.57
03-12-20;13:26:49;0;0;0;0;0;0;0;24.55;23.99;0;0;0;0;0;0;0;0;0;-0.56
03-12-20;13:26:50;0;0;0;0;0;0;0;24.56;23.99;0;0;0;0;0;0;0;0;0;-0.57
03-12-20;13:26:51;0;0;0;0;0;0;0;24.58;23.99;0;0;0;0;0;0;0;0;0;-0.59
03-12-20;13:26:52;0;0;0;0;0;0;0;24.58;23.99;0;0;0;0;0;0;0;0;0;-0.59
03-12-20;13:26:53;0;0;0;0;0;0;0;24.57;23.99;0;0;0;0;0;0;0;0;0;-0.58
03-12-20;13:26:54;0;0;0;0;0;0;0;24.55;24.00;0;0;0;0;0;0;0;0;0;-0.55
03-12-20;13:26:55;0;0;0;0;0;0;0;24.56;23.98;0;0;0;0;0;0;0;0;0;-0.58
03-12-20;13:26:56;0;0;0;0;0;0;0;24.56;23.98;0;0;0;0;0;0;0;0;0;-0.58
03-12-20;13:26:57;0;0;0;0;0;0;0;24.56;23.99;0;0;0;0;0;0;0;0;0;-0.57
03-12-20;13:26:58;0;0;0;0;0;0;0;24.56;24.00;0;0;0;0;0;0;0;0;0;-0.56
03-12-20;13:26:59;0;0;0;0;0;0;0;24.56;23.98;0;0;0;0;0;0;0;0;0;-0.59
03-12-20;13:27:00;0;0;0;0;0;0;0;24.56;23.98;0;0;0;0;0;0;0;0;0;-0.58
03-12-20;13:27:01;0;0;0;0;0;0;0;24.56;23.99;0;0;0;0;0;0;0;0;0;-0.57
03-12-20;13:27:02;0;0;0;0;0;0;0;24.55;23.99;0;0;0;0;0;0;0;0;0;-0.56
03-12-20;13:27:03;0;0;0;0;0;0;0;24.55;23.99;0;0;0;0;0;0;0;0;0;-0.55
03-12-20;13:27:04;0;0;0;0;0;0;0;24.56;23.98;0;0;0;0;0;0;0;0;0;-0.58
03-12-20;13:27:05;0;0;0;0;0;0;0;24.56;23.98;0;0;0;0;0;0;0;0;0;-0.59
03-12-20;13:27:06;0;0;0;0;0;0;0;24.56;23.97;0;0;0;0;0;0;0;0;0;-0.59
03-12-20;13:27:07;0;0;0;0;0;0;0;24.55;23.98;0;0;0;0;0;0;0;0;0;-0.58
03-12-20;13:27:08;0;0;0;0;0;0;0;24.55;23.97;0;0;0;0;0;0;0;0;0;-0.58
03-12-20;13:27:09;0;0;0;0;0;0;0;24.55;23.98;0;0;0;0;0;0;0;0;0;-0.57
03-12-20;13:27:10;0;0;0;0;0;0;0;24.54;23.98;0;0;0;0;0;0;0;0;0;-0.56
03-12-20;13:27:11;0;0;0;0;0;0;0;24.54;23.97;0;0;0;0;0;0;0;0;0;-0.57
03-12-20;13:27:12;0;0;0;0;0;0;0;24.53;23.96;0;0;0;0;0;0;0;0;0;-0.57
03-12-20;13:27:13;0;0;0;0;0;0;0;24.54;23.96;0;0;0;0;0;0;0;0;0;-0.58
03-12-20;13:27:14;0;0;0;0;0;0;0;24.54;23.97;0;0;0;0;0;0;0;0;0;-0.57
03-12-20;13:27:15;0;0;0;0;0;0;0;24.54;23.98;0;0;0;0;0;0;0;0;0;-0.56
03-12-20;13:27:16;0;0;0;0;0;0;0;24.53;23.98;0;0;0;0;0;0;0;0;0;-0.55
03-12-20;13:27:17;0;0;0;0;0;0;0;24.54;23.98;0;0;0;0;0;0;0;0;0;-0.55
03-12-20;13:27:18;0;0;0;0;0;0;0;24.54;23.98;0;0;0;0;0;0;0;0;0;-0.55
03-12-20;13:27:19;0;0;0;0;0;0;0;24.54;23.98;0;0;0;0;0;0;0;0;0;-0.55
03-12-20;13:27:20;0;0;0;0;0;0;0;24.55;23.98;0;0;0;0;0;0;0;0;0;-0.56
03-12-20;13:27:21;0;0;0;0;0;0;0;24.55;23.99;0;0;0;0;0;0;0;0;0;-0.55
03-12-20;13:27:22;0;0;0;0;0;0;0;24.55;23.98;0;0;0;0;0;0;0;0;0;-0.56
03-12-20;13:27:23;0;0;0;0;0;0;0;24.55;23.98;0;0;0;0;0;0;0;0;0;-0.57
03-12-20;13:27:24;0;0;0;0;0;0;0;24.55;23.98;0;0;0;0;0;0;0;0;0;-0.57
03-12-20;13:27:25;0;0;0;0;0;0;0;24.54;23.97;0;0;0;0;0;0;0;0;0;-0.57
03-12-20;13:27:26;0;0;0;0;0;0;0;24.54;23.96;0;0;0;0;0;0;0;0;0;-0.58
03-12-20;13:27:27;0;0;0;0;0;0;0;24.54;23.96;0;0;0;0;0;0;0;0;0;-0.58
03-12-20;13:27:28;0;0;0;0;0;0;0;24.54;23.97;0;0;0;0;0;0;0;0;0;-0.57
03-12-20;13:27:29;0;0;0;0;0;0;0;24.53;23.97;0;0;0;0;0;0;0;0;0;-0.56
03-12-20;13:27:30;0;0;0;0;0;0;0;24.54;23.96;0;0;0;0;0;0;0;0;0;-0.58
03-12-20;13:27:31;0;0;0;0;0;0;0;24.53;23.97;0;0;0;0;0;0;0;0;0;-0.56
03-12-20;13:27:32;0;0;0;0;0;0;0;24.52;23.97;0;0;0;0;0;0;0;0;0;-0.55
03-12-20;13:27:33;0;0;0;0;0;0;0;24.52;23.98;0;0;0;0;0;0;0;0;0;-0.54
03-12-20;13:27:34;0;0;0;0;0;0;0;24.52;23.98;0;0;0;0;0;0;0;0;0;-0.55
03-12-20;13:27:35;0;0;0;0;0;0;0;24.53;23.97;0;0;0;0;0;0;0;0;0;-0.56
03-12-20;13:27:36;0;0;0;0;0;0;0;24.53;23.97;0;0;0;0;0;0;0;0;0;-0.56
03-12-20;13:27:37;0;0;0;0;0;0;0;24.52;23.97;0;0;0;0;0;0;0;0;0;-0.55
03-12-20;13:27:38;0;0;0;0;0;0;0;24.49;23.97;0;0;0;0;0;0;0;0;0;-0.52
03-12-20;13:27:39;0;0;0;0;0;0;0;24.49;23.98;0;0;0;0;0;0;0;0;0;-0.52
03-12-20;13:27:40;0;0;0;0;0;0;0;24.49;23.98;0;0;0;0;0;0;0;0;0;-0.52
03-12-20;13:27:41;0;0;0;0;0;0;0;24.50;23.96;0;0;0;0;0;0;0;0;0;-0.54
03-12-20;13:27:42;0;0;0;0;0;0;0;24.50;23.95;0;0;0;0;0;0;0;0;0;-0.55
03-12-20;13:27:43;0;0;0;0;0;0;0;24.50;23.95;0;0;0;0;0;0;0;0;0;-0.55
03-12-20;13:27:44;0;0;0;0;0;0;0;24.51;23.95;0;0;0;0;0;0;0;0;0;-0.56
03-12-20;13:27:45;0;0;0;0;0;0;0;24.52;23.95;0;0;0;0;0;0;0;0;0;-0.56
03-12-20;13:27:46;0;0;0;0;0;0;0;24.52;23.96;0;0;0;0;0;0;0;0;0;-0.56
03-12-20;13:27:47;0;0;0;0;0;0;0;24.52;23.95;0;0;0;0;0;0;0;0;0;-0.57
03-12-20;13:27:48;0;0;0;0;0;0;0;24.52;23.95;0;0;0;0;0;0;0;0;0;-0.57
03-12-20;13:27:49;0;0;0;0;0;0;0;24.53;23.94;0;0;0;0;0;0;0;0;0;-0.59
03-12-20;13:27:50;0;0;0;0;0;0;0;24.53;23.95;0;0;0;0;0;0;0;0;0;-0.59
03-12-20;13:27:51;0;0;0;0;0;0;0;24.54;23.95;0;0;0;0;0;0;0;0;0;-0.59
03-12-20;13:27:52;0;0;0;0;0;0;0;24.55;23.95;0;0;0;0;0;0;0;0;0;-0.60
03-12-20;13:27:53;0;0;0;0;0;0;0;24.55;23.95;0;0;0;0;0;0;0;0;0;-0.59
03-12-20;13:27:54;0;0;0;0;0;0;0;24.55;23.95;0;0;0;0;0;0;0;0;0;-0.59
03-12-20;13:27:55;0;0;0;0;0;0;0;24.55;23.95;0;0;0;0;0;0;0;0;0;-0.60
03-12-20;13:27:56;0;0;0;0;0;0;0;24.55;23.95;0;0;0;0;0;0;0;0;0;-0.59
03-12-20;13:27:57;0;0;0;0;0;0;0;24.55;23.95;0;0;0;0;0;0;0;0;0;-0.60
03-12-20;13:27:58;0;0;0;0;0;0;0;24.54;23.95;0;0;0;0;0;0;0;0;0;-0.59
03-12-20;13:27:59;0;0;0;0;0;0;0;24.55;23.95;0;0;0;0;0;0;0;0;0;-0.59
03-12-20;13:28:00;0;0;0;0;0;0;0;24.55;23.96;0;0;0;0;0;0;0;0;0;-0.59
03-12-20;13:28:01;0;0;0;0;0;0;0;24.56;23.96;0;0;0;0;0;0;0;0;0;-0.60
03-12-20;13:28:02;0;0;0;0;0;0;0;24.56;23.96;0;0;0;0;0;0;0;0;0;-0.60
03-12-20;13:28:03;0;0;0;0;0;0;0;24.56;23.96;0;0;0;0;0;0;0;0;0;-0.60
03-12-20;13:28:04;0;0;0;0;0;0;0;24.56;23.97;0;0;0;0;0;0;0;0;0;-0.59
03-12-20;13:28:05;0;0;0;0;0;0;0;24.56;23.96;0;0;0;0;0;0;0;0;0;-0.60
03-12-20;13:28:06;0;0;0;0;0;0;0;24.55;23.97;0;0;0;0;0;0;0;0;0;-0.59
03-12-20;13:28:07;0;0;0;0;0;0;0;24.55;23.97;0;0;0;0;0;0;0;0;0;-0.58
03-12-20;13:28:08;0;0;0;0;0;0;0;24.55;23.97;0;0;0;0;0;0;0;0;0;-0.58
03-12-20;13:28:09;0;0;0;0;0;0;0;24.55;23.97;0;0;0;0;0;0;0;0;0;-0.59
03-12-20;13:28:10;0;0;0;0;0;0;0;24.55;23.98;0;0;0;0;0;0;0;0;0;-0.56
03-12-20;13:28:11;0;0;0;0;0;0;0;24.55;23.98;0;0;0;0;0;0;0;0;0;-0.57
03-12-20;13:28:12;0;0;0;0;0;0;0;24.55;23.98;0;0;0;0;0;0;0;0;0;-0.56
03-12-20;13:28:13;0;0;0;0;0;0;0;24.56;24.00;0;0;0;0;0;0;0;0;0;-0.56
03-12-20;13:28:14;0;0;0;0;0;0;0;24.55;24.00;0;0;0;0;0;0;0;0;0;-0.55
03-12-20;13:28:15;0;0;0;0;0;0;0;24.55;23.99;0;0;0;0;0;0;0;0;0;-0.55
03-12-20;13:28:16;0;0;0;0;0;0;0;24.55;23.98;0;0;0;0;0;0;0;0;0;-0.56
03-12-20;13:28:17;0;0;0;0;0;0;0;24.54;23.99;0;0;0;0;0;0;0;0;0;-0.55
03-12-20;13:28:18;0;0;0;0;0;0;0;24.54;23.98;0;0;0;0;0;0;0;0;0;-0.55
03-12-20;13:28:19;0;0;0;0;0;0;0;24.54;23.98;0;0;0;0;0;0;0;0;0;-0.56
03-12-20;13:28:20;0;0;0;0;0;0;0;24.54;23.98;0;0;0;0;0;0;0;0;0;-0.56
03-12-20;13:28:21;0;0;0;0;0;0;0;24.54;23.97;0;0;0;0;0;0;0;0;0;-0.57
03-12-20;13:28:22;0;0;0;0;0;0;0;24.55;23.98;0;0;0;0;0;0;0;0;0;-0.56
03-12-20;13:28:23;0;0;0;0;0;0;0;24.54;23.98;0;0;0;0;0;0;0;0;0;-0.56
03-12-20;13:28:24;0;0;0;0;0;0;0;24.55;23.98;0;0;0;0;0;0;0;0;0;-0.57
03-12-20;13:28:25;0;0;0;0;0;0;0;24.54;23.97;0;0;0;0;0;0;0;0;0;-0.57
03-12-20;13:28:26;0;0;0;0;0;0;0;24.55;23.98;0;0;0;0;0;0;0;0;0;-0.57
03-12-20;13:28:27;0;0;0;0;0;0;0;24.55;23.98;0;0;0;0;0;0;0;0;0;-0.56
03-12-20;13:28:28;0;0;0;0;0;0;0;24.55;23.98;0;0;0;0;0;0;0;0;0;-0.57
03-12-20;13:28:29;0;0;0;0;0;0;0;24.55;23.98;0;0;0;0;0;0;0;0;0;-0.57
03-12-20;13:28:30;0;0;0;0;0;0;0;24.55;23.98;0;0;0;0;0;0;0;0;0;-0.57
03-12-20;13:28:31;0;0;0;0;0;0;0;24.57;23.98;0;0;0;0;0;0;0;0;0;-0.59
03-12-20;13:28:32;0;0;0;0;0;0;0;24.57;23.98;0;0;0;0;0;0;0;0;0;-0.59
03-12-20;13:28:33;0;0;0;0;0;0;0;24.57;23.99;0;0;0;0;0;0;0;0;0;-0.58
03-12-20;13:28:34;0;0;0;0;0;0;0;24.58;24.00;0;0;0;0;0;0;0;0;0;-0.58
03-12-20;13:28:35;0;0;0;0;0;0;0;24.57;24.00;0;0;0;0;0;0;0;0;0;-0.57
03-12-20;13:28:36;0;0;0;0;0;0;0;24.56;24.00;0;0;0;0;0;0;0;0;0;-0.56
03-12-20;13:28:37;0;0;0;0;0;0;0;24.57;23.99;0;0;0;0;0;0;0;0;0;-0.58
03-12-20;13:28:38;0;0;0;0;0;0;0;24.57;23.99;0;0;0;0;0;0;0;0;0;-0.58
03-12-20;13:28:39;0;0;0;0;0;0;0;24.57;24.00;0;0;0;0;0;0;0;0;0;-0.57
03-12-20;13:28:40;0;0;0;0;0;0;0;24.56;24.00;0;0;0;0;0;0;0;0;0;-0.56
03-12-20;13:28:41;0;0;0;0;0;0;0;24.56;24.01;0;0;0;0;0;0;0;0;0;-0.55
03-12-20;13:28:42;0;0;0;0;0;0;0;24.55;24.00;0;0;0;0;0;0;0;0;0;-0.55
03-12-20;13:28:43;0;0;0;0;0;0;0;24.55;23.99;0;0;0;0;0;0;0;0;0;-0.56
03-12-20;13:28:44;0;0;0;0;0;0;0;24.56;23.98;0;0;0;0;0;0;0;0;0;-0.58
03-12-20;13:28:45;0;0;0;0;0;0;0;24.56;23.98;0;0;0;0;0;0;0;0;0;-0.59
03-12-20;13:28:46;0;0;0;0;0;0;0;24.56;23.98;0;0;0;0;0;0;0;0;0;-0.59
03-12-20;13:28:47;0;0;0;0;0;0;0;24.56;23.97;0;0;0;0;0;0;0;0;0;-0.59
03-12-20;13:28:48;0;0;0;0;0;0;0;24.55;23.98;0;0;0;0;0;0;0;0;0;-0.58
03-12-20;13:28:49;0;0;0;0;0;0;0;24.54;23.98;0;0;0;0;0;0;0;0;0;-0.56
03-12-20;13:28:50;0;0;0;0;0;0;0;24.54;23.98;0;0;0;0;0;0;0;0;0;-0.56
03-12-20;13:28:51;0;0;0;0;0;0;0;24.54;23.98;0;0;0;0;0;0;0;0;0;-0.56
03-12-20;13:28:52;0;0;0;0;0;0;0;24.54;23.98;0;0;0;0;0;0;0;0;0;-0.56
03-12-20;13:28:53;0;0;0;0;0;0;0;24.54;23.98;0;0;0;0;0;0;0;0;0;-0.56
03-12-20;13:28:54;0;0;0;0;0;0;0;24.54;23.98;0;0;0;0;0;0;0;0;0;-0.56
03-12-20;13:28:55;0;0;0;0;0;0;0;24.54;23.98;0;0;0;0;0;0;0;0;0;-0.55
03-12-20;13:28:56;0;0;0;0;0;0;0;24.54;23.98;0;0;0;0;0;0;0;0;0;-0.55
03-12-20;13:28:57;0;0;0;0;0;0;0;24.54;23.98;0;0;0;0;0;0;0;0;0;-0.55
03-12-20;13:28:58;0;0;0;0;0;0;0;24.54;23.98;0;0;0;0;0;0;0;0;0;-0.55
03-12-20;13:28:59;0;0;0;0;0;0;0;24.53;23.98;0;0;0;0;0;0;0;0;0;-0.55
03-12-20;13:29:00;0;0;0;0;0;0;0;24.54;24.00;0;0;0;0;0;0;0;0;0;-0.54
03-12-20;13:29:01;0;0;0;0;0;0;0;24.55;24.01;0;0;0;0;0;0;0;0;0;-0.54
03-12-20;13:29:02;0;0;0;0;0;0;0;24.54;23.98;0;0;0;0;0;0;0;0;0;-0.55
03-12-20;13:29:03;0;0;0;0;0;0;0;24.55;23.98;0;0;0;0;0;0;0;0;0;-0.56
03-12-20;13:29:04;0;0;0;0;0;0;0;24.55;23.99;0;0;0;0;0;0;0;0;0;-0.55
03-12-20;13:29:05;0;0;0;0;0;0;0;24.55;23.99;0;0;0;0;0;0;0;0;0;-0.55
03-12-20;13:29:06;0;0;0;0;0;0;0;24.55;23.98;0;0;0;0;0;0;0;0;0;-0.57
03-12-20;13:29:07;0;0;0;0;0;0;0;24.55;23.97;0;0;0;0;0;0;0;0;0;-0.59
03-12-20;13:29:08;0;0;0;0;0;0;0;24.54;23.97;0;0;0;0;0;0;0;0;0;-0.57
03-12-20;13:29:09;0;0;0;0;0;0;0;24.55;23.97;0;0;0;0;0;0;0;0;0;-0.58
03-12-20;13:29:10;0;0;0;0;0;0;0;24.55;23.98;0;0;0;0;0;0;0;0;0;-0.57
03-12-20;13:29:11;0;0;0;0;0;0;0;24.55;23.98;0;0;0;0;0;0;0;0;0;-0.56
03-12-20;13:29:12;0;0;0;0;0;0;0;24.55;23.97;0;0;0;0;0;0;0;0;0;-0.58
03-12-20;13:29:13;0;0;0;0;0;0;0;24.56;23.98;0;0;0;0;0;0;0;0;0;-0.59
03-12-20;13:29:14;0;0;0;0;0;0;0;24.55;23.98;0;0;0;0;0;0;0;0;0;-0.56
03-12-20;13:29:15;0;0;0;0;0;0;0;24.56;23.98;0;0;0;0;0;0;0;0;0;-0.58
03-12-20;13:29:16;0;0;0;0;0;0;0;24.55;23.99;0;0;0;0;0;0;0;0;0;-0.55
03-12-20;13:29:17;0;0;0;0;0;0;0;24.56;24.00;0;0;0;0;0;0;0;0;0;-0.56
03-12-20;13:29:18;0;0;0;0;0;0;0;24.55;24.01;0;0;0;0;0;0;0;0;0;-0.55
03-12-20;13:29:19;0;0;0;0;0;0;0;24.55;24.01;0;0;0;0;0;0;0;0;0;-0.54
03-12-20;13:29:20;0;0;0;0;0;0;0;24.55;24.01;0;0;0;0;0;0;0;0;0;-0.54
03-12-20;13:29:21;0;0;0;0;0;0;0;24.54;24.01;0;0;0;0;0;0;0;0;0;-0.53
03-12-20;13:29:22;0;0;0;0;0;0;0;24.55;23.98;0;0;0;0;0;0;0;0;0;-0.57
03-12-20;13:29:23;0;0;0;0;0;0;0;24.56;23.98;0;0;0;0;0;0;0;0;0;-0.59
03-12-20;13:29:24;0;0;0;0;0;0;0;24.57;23.98;0;0;0;0;0;0;0;0;0;-0.59
03-12-20;13:29:25;0;0;0;0;0;0;0;24.57;24.01;0;0;0;0;0;0;0;0;0;-0.56
03-12-20;13:29:26;0;0;0;0;0;0;0;24.57;24.01;0;0;0;0;0;0;0;0;0;-0.56
03-12-20;13:29:27;0;0;0;0;0;0;0;24.56;24.02;0;0;0;0;0;0;0;0;0;-0.54
03-12-20;13:29:28;0;0;0;0;0;0;0;24.58;24.03;0;0;0;0;0;0;0;0;0;-0.55
03-12-20;13:29:29;0;0;0;0;0;0;0;24.59;24.02;0;0;0;0;0;0;0;0;0;-0.57
03-12-20;13:29:30;0;0;0;0;0;0;0;24.59;24.01;0;0;0;0;0;0;0;0;0;-0.59
03-12-20;13:29:31;0;0;0;0;0;0;0;24.59;24.00;0;0;0;0;0;0;0;0;0;-0.59
03-12-20;13:29:32;0;0;0;0;0;0;0;24.61;24.00;0;0;0;0;0;0;0;0;0;-0.61
03-12-20;13:29:33;0;0;0;0;0;0;0;24.61;24.00;0;0;0;0;0;0;0;0;0;-0.61
03-12-20;13:29:34;0;0;0;0;0;0;0;24.61;24.01;0;0;0;0;0;0;0;0;0;-0.60
03-12-20;13:29:35;0;0;0;0;0;0;0;24.60;24.01;0;0;0;0;0;0;0;0;0;-0.59
03-12-20;13:29:36;0;0;0;0;0;0;0;24.61;24.01;0;0;0;0;0;0;0;0;0;-0.60
03-12-20;13:29:37;0;0;0;0;0;0;0;24.60;24.02;0;0;0;0;0;0;0;0;0;-0.59
03-12-20;13:29:38;0;0;0;0;0;0;0;24.60;24.02;0;0;0;0;0;0;0;0;0;-0.58
03-12-20;13:29:39;0;0;0;0;0;0;0;24.59;24.02;0;0;0;0;0;0;0;0;0;-0.56
03-12-20;13:29:40;0;0;0;0;0;0;0;24.59;24.02;0;0;0;0;0;0;0;0;0;-0.57
03-12-20;13:29:41;0;0;0;0;0;0;0;24.59;24.03;0;0;0;0;0;0;0;0;0;-0.55
03-12-20;13:29:42;0;0;0;0;0;0;0;24.61;24.02;0;0;0;0;0;0;0;0;0;-0.59
03-12-20;13:29:43;0;0;0;0;0;0;0;24.62;24.00;0;0;0;0;0;0;0;0;0;-0.62
03-12-20;13:29:44;0;0;0;0;0;0;0;24.63;24.00;0;0;0;0;0;0;0;0;0;-0.63
03-12-20;13:29:45;0;0;0;0;0;0;0;24.63;24.01;0;0;0;0;0;0;0;0;0;-0.62
03-12-20;13:29:46;0;0;0;0;0;0;0;24.63;24.01;0;0;0;0;0;0;0;0;0;-0.62
03-12-20;13:29:47;0;0;0;0;0;0;0;24.63;24.01;0;0;0;0;0;0;0;0;0;-0.62
03-12-20;13:29:48;0;0;0;0;0;0;0;24.64;24.01;0;0;0;0;0;0;0;0;0;-0.63
03-12-20;13:29:49;0;0;0;0;0;0;0;24.64;24.02;0;0;0;0;0;0;0;0;0;-0.62
03-12-20;13:29:50;0;0;0;0;0;0;0;24.64;24.02;0;0;0;0;0;0;0;0;0;-0.62
03-12-20;13:29:51;0;0;0;0;0;0;0;24.66;24.02;0;0;0;0;0;0;0;0;0;-0.64
03-12-20;13:29:52;0;0;0;0;0;0;0;24.65;24.03;0;0;0;0;0;0;0;0;0;-0.62
03-12-20;13:29:53;0;0;0;0;0;0;0;24.65;24.04;0;0;0;0;0;0;0;0;0;-0.61
03-12-20;13:29:54;0;0;0;0;0;0;0;24.66;24.04;0;0;0;0;0;0;0;0;0;-0.62
03-12-20;13:29:55;0;0;0;0;0;0;0;24.66;24.05;0;0;0;0;0;0;0;0;0;-0.60
03-12-20;13:29:56;0;0;0;0;0;0;0;24.66;24.05;0;0;0;0;0;0;0;0;0;-0.61
03-12-20;13:29:57;0;0;0;0;0;0;0;24.66;24.06;0;0;0;0;0;0;0;0;0;-0.60
03-12-20;13:29:58;0;0;0;0;0;0;0;24.66;24.08;0;0;0;0;0;0;0;0;0;-0.59
03-12-20;13:29:59;0;0;0;0;0;0;0;24.67;24.08;0;0;0;0;0;0;0;0;0;-0.59
03-12-20;13:30:00;0;0;0;0;0;0;0;24.67;24.07;0;0;0;0;0;0;0;0;0;-0.60
03-12-20;13:30:01;0;0;0;0;0;0;0;24.67;24.06;0;0;0;0;0;0;0;0;0;-0.61
03-12-20;13:30:02;0;0;0;0;0;0;0;24.66;24.06;0;0;0;0;0;0;0;0;0;-0.60
03-12-20;13:30:03;0;0;0;0;0;0;0;24.67;24.07;0;0;0;0;0;0;0;0;0;-0.60
03-12-20;13:30:04;0;0;0;0;0;0;0;24.65;24.08;0;0;0;0;0;0;0;0;0;-0.57
03-12-20;13:30:05;0;0;0;0;0;0;0;24.66;24.09;0;0;0;0;0;0;0;0;0;-0.56
03-12-20;13:30:06;0;0;0;0;0;0;0;24.66;24.09;0;0;0;0;0;0;0;0;0;-0.57
03-12-20;13:30:07;0;0;0;0;0;0;0;24.66;24.07;0;0;0;0;0;0;0;0;0;-0.59
03-12-20;13:30:08;0;0;0;0;0;0;0;24.64;24.07;0;0;0;0;0;0;0;0;0;-0.57
03-12-20;13:30:09;0;0;0;0;0;0;0;24.63;24.09;0;0;0;0;0;0;0;0;0;-0.55
03-12-20;13:30:10;0;0;0;0;0;0;0;24.63;24.09;0;0;0;0;0;0;0;0;0;-0.53
03-12-20;13:30:11;0;0;0;0;0;0;0;24.62;24.09;0;0;0;0;0;0;0;0;0;-0.52
03-12-20;13:30:12;0;0;0;0;0;0;0;24.59;24.09;0;0;0;0;0;0;0;0;0;-0.51
03-12-20;13:30:13;0;0;0;0;0;0;0;24.59;24.08;0;0;0;0;0;0;0;0;0;-0.52
03-12-20;13:30:14;0;0;0;0;0;0;0;24.59;24.06;0;0;0;0;0;0;0;0;0;-0.53
03-12-20;13:30:15;0;0;0;0;0;0;0;24.58;24.05;0;0;0;0;0;0;0;0;0;-0.52
03-12-20;13:30:16;0;0;0;0;0;0;0;24.59;24.05;0;0;0;0;0;0;0;0;0;-0.54
03-12-20;13:30:17;0;0;0;0;0;0;0;24.60;24.02;0;0;0;0;0;0;0;0;0;-0.58
03-12-20;13:30:18;0;0;0;0;0;0;0;24.61;24.02;0;0;0;0;0;0;0;0;0;-0.59
03-12-20;13:30:19;0;0;0;0;0;0;0;24.62;24.02;0;0;0;0;0;0;0;0;0;-0.59
03-12-20;13:30:20;0;0;0;0;0;0;0;24.61;24.03;0;0;0;0;0;0;0;0;0;-0.58
03-12-20;13:30:21;0;0;0;0;0;0;0;24.61;24.04;0;0;0;0;0;0;0;0;0;-0.57
03-12-20;13:30:22;0;0;0;0;0;0;0;24.61;24.04;0;0;0;0;0;0;0;0;0;-0.57
03-12-20;13:30:23;0;0;0;0;0;0;0;24.60;24.04;0;0;0;0;0;0;0;0;0;-0.56
03-12-20;13:30:24;0;0;0;0;0;0;0;24.62;24.04;0;0;0;0;0;0;0;0;0;-0.58
03-12-20;13:30:25;0;0;0;0;0;0;0;24.62;24.03;0;0;0;0;0;0;0;0;0;-0.59
03-12-20;13:30:26;0;0;0;0;0;0;0;24.62;24.04;0;0;0;0;0;0;0;0;0;-0.58
03-12-20;13:30:27;0;0;0;0;0;0;0;24.63;24.03;0;0;0;0;0;0;0;0;0;-0.59
03-12-20;13:30:28;0;0;0;0;0;0;0;24.64;24.04;0;0;0;0;0;0;0;0;0;-0.60
03-12-20;13:30:29;0;0;0;0;0;0;0;24.63;24.04;0;0;0;0;0;0;0;0;0;-0.59
03-12-20;13:30:30;0;0;0;0;0;0;0;24.62;24.04;0;0;0;0;0;0;0;0;0;-0.58
03-12-20;13:30:31;0;0;0;0;0;0;0;24.63;24.05;0;0;0;0;0;0;0;0;0;-0.58
03-12-20;13:30:32;0;0;0;0;0;0;0;24.63;24.05;0;0;0;0;0;0;0;0;0;-0.59
03-12-20;13:30:33;0;0;0;0;0;0;0;24.63;24.05;0;0;0;0;0;0;0;0;0;-0.58
03-12-20;13:30:34;0;0;0;0;0;0;0;24.62;24.05;0;0;0;0;0;0;0;0;0;-0.56
03-12-20;13:30:35;0;0;0;0;0;0;0;24.63;24.05;0;0;0;0;0;0;0;0;0;-0.57
03-12-20;13:30:36;0;0;0;0;0;0;0;24.63;24.05;0;0;0;0;0;0;0;0;0;-0.58
03-12-20;13:30:37;0;0;0;0;0;0;0;24.63;24.05;0;0;0;0;0;0;0;0;0;-0.59
03-12-20;13:30:38;0;0;0;0;0;0;0;24.62;24.05;0;0;0;0;0;0;0;0;0;-0.57
03-12-20;13:30:39;0;0;0;0;0;0;0;24.62;24.06;0;0;0;0;0;0;0;0;0;-0.55
03-12-20;13:30:40;0;0;0;0;0;0;0;24.61;24.07;0;0;0;0;0;0;0;0;0;-0.54
03-12-20;13:30:41;0;0;0;0;0;0;0;24.61;24.07;0;0;0;0;0;0;0;0;0;-0.54
03-12-20;13:30:42;0;0;0;0;0;0;0;24.63;24.08;0;0;0;0;0;0;0;0;0;-0.55
03-12-20;13:30:43;0;0;0;0;0;0;0;24.63;24.09;0;0;0;0;0;0;0;0;0;-0.54
03-12-20;13:30:44;0;0;0;0;0;0;0;24.63;24.08;0;0;0;0;0;0;0;0;0;-0.55
03-12-20;13:30:45;0;0;0;0;0;0;0;24.63;24.07;0;0;0;0;0;0;0;0;0;-0.56
03-12-20;13:30:46;0;0;0;0;0;0;0;24.65;24.06;0;0;0;0;0;0;0;0;0;-0.59
03-12-20;13:30:47;0;0;0;0;0;0;0;24.65;24.06;0;0;0;0;0;0;0;0;0;-0.59
03-12-20;13:30:48;0;0;0;0;0;0;0;24.66;24.07;0;0;0;0;0;0;0;0;0;-0.59
03-12-20;13:30:49;0;0;0;0;0;0;0;24.65;24.08;0;0;0;0;0;0;0;0;0;-0.57
03-12-20;13:30:50;0;0;0;0;0;0;0;24.63;24.07;0;0;0;0;0;0;0;0;0;-0.56
03-12-20;13:30:51;0;0;0;0;0;0;0;24.63;24.07;0;0;0;0;0;0;0;0;0;-0.55
03-12-20;13:30:52;0;0;0;0;0;0;0;24.63;24.07;0;0;0;0;0;0;0;0;0;-0.55
03-12-20;13:30:53;0;0;0;0;0;0;0;24.62;24.07;0;0;0;0;0;0;0;0;0;-0.55
03-12-20;13:30:54;0;0;0;0;0;0;0;24.64;24.06;0;0;0;0;0;0;0;0;0;-0.58
03-12-20;13:30:55;0;0;0;0;0;0;0;24.66;24.06;0;0;0;0;0;0;0;0;0;-0.60
03-12-20;13:30:56;0;0;0;0;0;0;0;24.67;24.07;0;0;0;0;0;0;0;0;0;-0.60
03-12-20;13:30:57;0;0;0;0;0;0;0;24.69;24.07;0;0;0;0;0;0;0;0;0;-0.62
03-12-20;13:30:58;0;0;0;0;0;0;0;24.66;24.09;0;0;0;0;0;0;0;0;0;-0.58
03-12-20;13:30:59;0;0;0;0;0;0;0;24.65;24.09;0;0;0;0;0;0;0;0;0;-0.55
03-12-20;13:31:00;0;0;0;0;0;0;0;24.64;24.09;0;0;0;0;0;0;0;0;0;-0.55
03-12-20;13:31:01;0;0;0;0;0;0;0;24.64;24.09;0;0;0;0;0;0;0;0;0;-0.55
03-12-20;13:31:02;0;0;0;0;0;0;0;24.63;24.07;0;0;0;0;0;0;0;0;0;-0.56
03-12-20;13:31:03;0;0;0;0;0;0;0;24.63;24.07;0;0;0;0;0;0;0;0;0;-0.56
03-12-20;13:31:04;0;0;0;0;0;0;0;24.63;24.06;0;0;0;0;0;0;0;0;0;-0.57
03-12-20;13:31:05;0;0;0;0;0;0;0;24.63;24.06;0;0;0;0;0;0;0;0;0;-0.56
03-12-20;13:31:06;0;0;0;0;0;0;0;24.63;24.05;0;0;0;0;0;0;0;0;0;-0.57
03-12-20;13:31:07;0;0;0;0;0;0;0;24.63;24.05;0;0;0;0;0;0;0;0;0;-0.57
03-12-20;13:31:08;0;0;0;0;0;0;0;24.64;24.05;0;0;0;0;0;0;0;0;0;-0.59
03-12-20;13:31:09;0;0;0;0;0;0;0;24.63;24.05;0;0;0;0;0;0;0;0;0;-0.59
03-12-20;13:31:10;0;0;0;0;0;0;0;24.64;24.05;0;0;0;0;0;0;0;0;0;-0.59
03-12-20;13:31:11;0;0;0;0;0;0;0;24.65;24.05;0;0;0;0;0;0;0;0;0;-0.59
03-12-20;13:31:12;0;0;0;0;0;0;0;24.66;24.05;0;0;0;0;0;0;0;0;0;-0.60
03-12-20;13:31:13;0;0;0;0;0;0;0;24.67;24.06;0;0;0;0;0;0;0;0;0;-0.61
03-12-20;13:31:14;0;0;0;0;0;0;0;24.68;24.06;0;0;0;0;0;0;0;0;0;-0.62
03-12-20;13:31:15;0;0;0;0;0;0;0;24.70;24.06;0;0;0;0;0;0;0;0;0;-0.64
03-12-20;13:31:16;0;0;0;0;0;0;0;24.70;24.05;0;0;0;0;0;0;0;0;0;-0.65
03-12-20;13:31:17;0;0;0;0;0;0;0;24.71;24.06;0;0;0;0;0;0;0;0;0;-0.65
03-12-20;13:31:18;0;0;0;0;0;0;0;24.70;24.06;0;0;0;0;0;0;0;0;0;-0.64
03-12-20;13:31:19;0;0;0;0;0;0;0;24.70;24.05;0;0;0;0;0;0;0;0;0;-0.65
03-12-20;13:31:20;0;0;0;0;0;0;0;24.70;24.04;0;0;0;0;0;0;0;0;0;-0.66
03-12-20;13:31:21;0;0;0;0;0;0;0;24.67;24.03;0;0;0;0;0;0;0;0;0;-0.64
03-12-20;13:31:22;0;0;0;0;0;0;0;24.67;24.04;0;0;0;0;0;0;0;0;0;-0.63
03-12-20;13:31:23;0;0;0;0;0;0;0;24.67;24.02;0;0;0;0;0;0;0;0;0;-0.65
03-12-20;13:31:24;0;0;0;0;0;0;0;24.68;24.02;0;0;0;0;0;0;0;0;0;-0.66
03-12-20;13:31:25;0;0;0;0;0;0;0;24.68;24.02;0;0;0;0;0;0;0;0;0;-0.66
03-12-20;13:31:26;0;0;0;0;0;0;0;24.69;24.02;0;0;0;0;0;0;0;0;0;-0.67
03-12-20;13:31:27;0;0;0;0;0;0;0;24.69;24.02;0;0;0;0;0;0;0;0;0;-0.67
03-12-20;13:31:28;0;0;0;0;0;0;0;24.69;24.01;0;0;0;0;0;0;0;0;0;-0.68
03-12-20;13:31:29;0;0;0;0;0;0;0;24.69;24.02;0;0;0;0;0;0;0;0;0;-0.66
03-12-20;13:31:30;0;0;0;0;0;0;0;24.68;24.02;0;0;0;0;0;0;0;0;0;-0.66
03-12-20;13:31:31;0;0;0;0;0;0;0;24.67;24.02;0;0;0;0;0;0;0;0;0;-0.66
03-12-20;13:31:32;0;0;0;0;0;0;0;24.67;24.02;0;0;0;0;0;0;0;0;0;-0.65
03-12-20;13:31:33;0;0;0;0;0;0;0;24.67;24.03;0;0;0;0;0;0;0;0;0;-0.64
03-12-20;13:31:34;0;0;0;0;0;0;0;24.67;24.05;0;0;0;0;0;0;0;0;0;-0.62
03-12-20;13:31:35;0;0;0;0;0;0;0;24.67;24.05;0;0;0;0;0;0;0;0;0;-0.62
03-12-20;13:31:36;0;0;0;0;0;0;0;24.67;24.05;0;0;0;0;0;0;0;0;0;-0.62
03-12-20;13:31:37;0;0;0;0;0;0;0;24.67;24.05;0;0;0;0;0;0;0;0;0;-0.62
03-12-20;13:31:38;0;0;0;0;0;0;0;24.66;24.06;0;0;0;0;0;0;0;0;0;-0.60
03-12-20;13:31:39;0;0;0;0;0;0;0;24.67;24.06;0;0;0;0;0;0;0;0;0;-0.61
03-12-20;13:31:40;0;0;0;0;0;0;0;24.66;24.06;0;0;0;0;0;0;0;0;0;-0.60
03-12-20;13:31:41;0;0;0;0;0;0;0;24.66;24.06;0;0;0;0;0;0;0;0;0;-0.60
03-12-20;13:31:42;0;0;0;0;0;0;0;24.66;24.05;0;0;0;0;0;0;0;0;0;-0.61
03-12-20;13:31:43;0;0;0;0;0;0;0;24.67;24.06;0;0;0;0;0;0;0;0;0;-0.61
03-12-20;13:31:44;0;0;0;0;0;0;0;24.68;24.06;0;0;0;0;0;0;0;0;0;-0.62
03-12-20;13:31:45;0;0;0;0;0;0;0;24.68;24.06;0;0;0;0;0;0;0;0;0;-0.62
03-12-20;13:31:46;0;0;0;0;0;0;0;24.68;24.05;0;0;0;0;0;0;0;0;0;-0.62
03-12-20;13:31:47;0;0;0;0;0;0;0;24.68;24.06;0;0;0;0;0;0;0;0;0;-0.62
03-12-20;13:31:48;0;0;0;0;0;0;0;24.68;24.06;0;0;0;0;0;0;0;0;0;-0.62
03-12-20;13:31:49;0;0;0;0;0;0;0;24.68;24.06;0;0;0;0;0;0;0;0;0;-0.62
03-12-20;13:31:50;0;0;0;0;0;0;0;24.68;24.08;0;0;0;0;0;0;0;0;0;-0.60
03-12-20;13:31:51;0;0;0;0;0;0;0;24.67;24.08;0;0;0;0;0;0;0;0;0;-0.59
03-12-20;13:31:52;0;0;0;0;0;0;0;24.66;24.08;0;0;0;0;0;0;0;0;0;-0.58
03-12-20;13:31:53;0;0;0;0;0;0;0;24.65;24.07;0;0;0;0;0;0;0;0;0;-0.58
03-12-20;13:31:54;0;0;0;0;0;0;0;24.66;24.05;0;0;0;0;0;0;0;0;0;-0.60
03-12-20;13:31:55;0;0;0;0;0;0;0;24.66;24.05;0;0;0;0;0;0;0;0;0;-0.60
03-12-20;13:31:56;0;0;0;0;0;0;0;24.66;24.05;0;0;0;0;0;0;0;0;0;-0.60
03-12-20;13:31:57;0;0;0;0;0;0;0;24.66;24.06;0;0;0;0;0;0;0;0;0;-0.59
03-12-20;13:31:58;0;0;0;0;0;0;0;24.66;24.06;0;0;0;0;0;0;0;0;0;-0.60
03-12-20;13:31:59;0;0;0;0;0;0;0;24.66;24.05;0;0;0;0;0;0;0;0;0;-0.62
03-12-20;13:32:00;0;0;0;0;0;0;0;24.67;24.05;0;0;0;0;0;0;0;0;0;-0.62
03-12-20;13:32:01;0;0;0;0;0;0;0;24.67;24.04;0;0;0;0;0;0;0;0;0;-0.63
03-12-20;13:32:02;0;0;0;0;0;0;0;24.67;24.05;0;0;0;0;0;0;0;0;0;-0.62
03-12-20;13:32:03;0;0;0;0;0;0;0;24.67;24.06;0;0;0;0;0;0;0;0;0;-0.61
03-12-20;13:32:04;0;0;0;0;0;0;0;24.68;24.06;0;0;0;0;0;0;0;0;0;-0.62
03-12-20;13:32:05;0;0;0;0;0;0;0;24.68;24.05;0;0;0;0;0;0;0;0;0;-0.62
03-12-20;13:32:06;0;0;0;0;0;0;0;24.67;24.06;0;0;0;0;0;0;0;0;0;-0.61
03-12-20;13:32:07;0;0;0;0;0;0;0;24.67;24.05;0;0;0;0;0;0;0;0;0;-0.62
03-12-20;13:32:08;0;0;0;0;0;0;0;24.66;24.05;0;0;0;0;0;0;0;0;0;-0.60
03-12-20;13:32:09;0;0;0;0;0;0;0;24.66;24.06;0;0;0;0;0;0;0;0;0;-0.60
03-12-20;13:32:10;0;0;0;0;0;0;0;24.66;24.06;0;0;0;0;0;0;0;0;0;-0.59
03-12-20;13:32:11;0;0;0;0;0;0;0;24.66;24.06;0;0;0;0;0;0;0;0;0;-0.59
03-12-20;13:32:12;0;0;0;0;0;0;0;24.66;24.05;0;0;0;0;0;0;0;0;0;-0.61
03-12-20;13:32:13;0;0;0;0;0;0;0;24.65;24.05;0;0;0;0;0;0;0;0;0;-0.59
03-12-20;13:32:14;0;0;0;0;0;0;0;24.65;24.04;0;0;0;0;0;0;0;0;0;-0.61
03-12-20;13:32:15;0;0;0;0;0;0;0;24.65;24.05;0;0;0;0;0;0;0;0;0;-0.59
03-12-20;13:32:16;0;0;0;0;0;0;0;24.65;24.06;0;0;0;0;0;0;0;0;0;-0.59
03-12-20;13:32:17;0;0;0;0;0;0;0;24.65;24.08;0;0;0;0;0;0;0;0;0;-0.57
03-12-20;13:32:18;0;0;0;0;0;0;0;24.67;24.10;0;0;0;0;0;0;0;0;0;-0.57
03-12-20;13:32:19;0;0;0;0;0;0;0;24.68;24.10;0;0;0;0;0;0;0;0;0;-0.58
03-12-20;13:32:20;0;0;0;0;0;0;0;24.68;24.10;0;0;0;0;0;0;0;0;0;-0.58
03-12-20;13:32:21;0;0;0;0;0;0;0;24.68;24.09;0;0;0;0;0;0;0;0;0;-0.59
03-12-20;13:32:22;0;0;0;0;0;0;0;24.70;24.09;0;0;0;0;0;0;0;0;0;-0.61
03-12-20;13:32:23;0;0;0;0;0;0;0;24.69;24.08;0;0;0;0;0;0;0;0;0;-0.61
03-12-20;13:32:24;0;0;0;0;0;0;0;24.70;24.08;0;0;0;0;0;0;0;0;0;-0.62
03-12-20;13:32:25;0;0;0;0;0;0;0;24.70;24.08;0;0;0;0;0;0;0;0;0;-0.62
03-12-20;13:32:26;0;0;0;0;0;0;0;24.70;24.09;0;0;0;0;0;0;0;0;0;-0.61
03-12-20;13:32:27;0;0;0;0;0;0;0;24.70;24.09;0;0;0;0;0;0;0;0;0;-0.61
03-12-20;13:32:28;0;0;0;0;0;0;0;24.70;24.09;0;0;0;0;0;0;0;0;0;-0.60
03-12-20;13:32:29;0;0;0;0;0;0;0;24.70;24.08;0;0;0;0;0;0;0;0;0;-0.62
03-12-20;13:32:30;0;0;0;0;0;0;0;24.70;24.09;0;0;0;0;0;0;0;0;0;-0.62
03-12-20;13:32:31;0;0;0;0;0;0;0;24.70;24.09;0;0;0;0;0;0;0;0;0;-0.62
03-12-20;13:32:32;0;0;0;0;0;0;0;24.70;24.08;0;0;0;0;0;0;0;0;0;-0.62
03-12-20;13:32:33;0;0;0;0;0;0;0;24.70;24.07;0;0;0;0;0;0;0;0;0;-0.62
03-12-20;13:32:34;0;0;0;0;0;0;0;24.69;24.08;0;0;0;0;0;0;0;0;0;-0.61
03-12-20;13:32:35;0;0;0;0;0;0;0;24.68;24.07;0;0;0;0;0;0;0;0;0;-0.61
03-12-20;13:32:36;0;0;0;0;0;0;0;24.68;24.07;0;0;0;0;0;0;0;0;0;-0.61
03-12-20;13:32:37;0;0;0;0;0;0;0;24.68;24.08;0;0;0;0;0;0;0;0;0;-0.60
03-12-20;13:32:38;0;0;0;0;0;0;0;24.67;24.08;0;0;0;0;0;0;0;0;0;-0.59
03-12-20;13:32:39;0;0;0;0;0;0;0;24.66;24.08;0;0;0;0;0;0;0;0;0;-0.59
03-12-20;13:32:40;0;0;0;0;0;0;0;24.67;24.07;0;0;0;0;0;0;0;0;0;-0.60
03-12-20;13:32:41;0;0;0;0;0;0;0;24.68;24.08;0;0;0;0;0;0;0;0;0;-0.60
03-12-20;13:32:42;0;0;0;0;0;0;0;24.68;24.08;0;0;0;0;0;0;0;0;0;-0.60
03-12-20;13:32:43;0;0;0;0;0;0;0;24.68;24.08;0;0;0;0;0;0;0;0;0;-0.60
03-12-20;13:32:44;0;0;0;0;0;0;0;24.68;24.08;0;0;0;0;0;0;0;0;0;-0.60
03-12-20;13:32:45;0;0;0;0;0;0;0;24.67;24.09;0;0;0;0;0;0;0;0;0;-0.59
03-12-20;13:32:46;0;0;0;0;0;0;0;24.66;24.09;0;0;0;0;0;0;0;0;0;-0.57
03-12-20;13:32:47;0;0;0;0;0;0;0;24.65;24.09;0;0;0;0;0;0;0;0;0;-0.56
03-12-20;13:32:48;0;0;0;0;0;0;0;24.66;24.09;0;0;0;0;0;0;0;0;0;-0.57
03-12-20;13:32:49;0;0;0;0;0;0;0;24.66;24.07;0;0;0;0;0;0;0;0;0;-0.59
03-12-20;13:32:50;0;0;0;0;0;0;0;24.66;24.06;0;0;0;0;0;0;0;0;0;-0.60
03-12-20;13:32:51;0;0;0;0;0;0;0;24.66;24.05;0;0;0;0;0;0;0;0;0;-0.62
03-12-20;13:32:52;0;0;0;0;0;0;0;24.66;24.05;0;0;0;0;0;0;0;0;0;-0.61
03-12-20;13:32:53;0;0;0;0;0;0;0;24.65;24.05;0;0;0;0;0;0;0;0;0;-0.59
03-12-20;13:32:54;0;0;0;0;0;0;0;24.65;24.05;0;0;0;0;0;0;0;0;0;-0.60
03-12-20;13:32:55;0;0;0;0;0;0;0;24.64;24.04;0;0;0;0;0;0;0;0;0;-0.60
03-12-20;13:32:56;0;0;0;0;0;0;0;24.65;24.04;0;0;0;0;0;0;0;0;0;-0.61
03-12-20;13:32:57;0;0;0;0;0;0;0;24.65;24.05;0;0;0;0;0;0;0;0;0;-0.59
03-12-20;13:32:58;0;0;0;0;0;0;0;24.64;24.05;0;0;0;0;0;0;0;0;0;-0.59
